HIERARCHY
ROOT Hips
{
	OFFSET 302.116486 91.969017 -502.769196
	CHANNELS 6 Xposition Yposition Zposition Zrotation Yrotation Xrotation 
	JOINT LeftUpLeg
	{
		OFFSET 0.103459 1.857831 10.548511
		CHANNELS 3 Zrotation Yrotation Xrotation
		JOINT LeftLeg
		{
			OFFSET 43.500000 -0.000050 0.000000
			CHANNELS 3 Zrotation Yrotation Xrotation
			JOINT LeftFoot
			{
				OFFSET 42.372196 0.000015 0.000013
				CHANNELS 3 Zrotation Yrotation Xrotation
				JOINT LeftToe
				{
					OFFSET 17.299992 -0.000003 0.000004
					CHANNELS 3 Zrotation Yrotation Xrotation
					End Site
					{
						OFFSET 0.000000 0.000000 0.000000
					}
				}
			}
		}
	}
	JOINT RightUpLeg
	{
		OFFSET 0.103458 1.857840 -10.548509
		CHANNELS 3 Zrotation Yrotation Xrotation
		JOINT RightLeg
		{
			OFFSET 43.500038 -0.000042 -0.000002
			CHANNELS 3 Zrotation Yrotation Xrotation
			JOINT RightFoot
			{
				OFFSET 42.372261 0.000004 0.000031
				CHANNELS 3 Zrotation Yrotation Xrotation
				JOINT RightToe
				{
					OFFSET 17.299984 -0.000009 0.000004
					CHANNELS 3 Zrotation Yrotation Xrotation
					End Site
					{
						OFFSET 0.000000 0.000000 0.000000
					}
				}
			}
		}
	}
	JOINT Spine
	{
		OFFSET 6.901966 -2.603730 0.000007
		CHANNELS 3 Zrotation Yrotation Xrotation
		JOINT Spine1
		{
			OFFSET 12.588103 -0.000008 0.000003
			CHANNELS 3 Zrotation Yrotation Xrotation
			JOINT Spine2
			{
				OFFSET 12.343202 0.000024 -0.000014
				CHANNELS 3 Zrotation Yrotation Xrotation
				JOINT Neck
				{
					OFFSET 25.832888 -0.000004 0.000015
					CHANNELS 3 Zrotation Yrotation Xrotation
					JOINT Head
					{
						OFFSET 11.766605 -0.000005 -0.000022
						CHANNELS 3 Zrotation Yrotation Xrotation
						End Site
						{
							OFFSET 0.000000 0.000000 0.000000
						}
					}
				}
				JOINT LeftShoulder
				{
					OFFSET 19.745907 -1.480368 6.000113
					CHANNELS 3 Zrotation Yrotation Xrotation
					JOINT LeftArm
					{
						OFFSET 11.284131 0.000002 -0.000036
						CHANNELS 3 Zrotation Yrotation Xrotation
						JOINT LeftForeArm
						{
							OFFSET 33.000053 -0.000000 0.000032
							CHANNELS 3 Zrotation Yrotation Xrotation
							JOINT LeftHand
							{
								OFFSET 25.200001 0.000002 0.000014
								CHANNELS 3 Zrotation Yrotation Xrotation
								End Site
								{
									OFFSET 0.000000 0.000000 0.000000
								}
							}
						}
					}
				}
				JOINT RightShoulder
				{
					OFFSET 19.746090 -1.480385 -6.000069
					CHANNELS 3 Zrotation Yrotation Xrotation
					JOINT RightArm
					{
						OFFSET 11.284133 -0.000013 -0.000012
						CHANNELS 3 Zrotation Yrotation Xrotation
						JOINT RightForeArm
						{
							OFFSET 33.000103 0.000006 0.000008
							CHANNELS 3 Zrotation Yrotation Xrotation
							JOINT RightHand
							{
								OFFSET 25.199774 0.000153 0.000412
								CHANNELS 3 Zrotation Yrotation Xrotation
								End Site
								{
									OFFSET 0.000000 0.000000 0.000000
								}
							}
						}
					}
				}
			}
		}
	}
}
MOTION
Frames: 201
Frame Time: 0.033333
302.116486 91.969017 -502.769196 91.021348 6.552558 84.664730 -174.687306 -2.278194 176.361345 -9.914729 -1.662853 -7.577913 72.648044 3.860029 -5.286522 21.454551 0.003082 0.000000 -173.062937 5.732416 -172.863414 -12.259319 3.618993 10.386681 78.301268 -6.305359 4.538164 21.454558 -0.003109 -0.000019 7.607781 -0.443832 0.232451 5.175254 -0.889569 0.469247 4.857138 -0.886563 0.474668 7.582122 -6.080812 -5.708232 -16.990275 13.101534 -11.394125 -97.581355 -85.837030 -84.513578 2.128571 15.080730 -9.311507 -26.039611 -17.467090 1.315836 10.328702 -5.875530 32.151951 -98.235298 82.615571 84.081029 -2.267236 -11.586211 8.670643 -22.250099 16.506890 -1.220074 4.781182 7.537348 -9.000355 
302.116699 91.970947 -502.776794 91.024968 6.552565 84.662182 -174.695106 -2.272794 176.394321 -9.914727 -1.666309 -7.601300 72.648050 3.871212 -5.305538 21.454553 0.003088 -0.000001 -173.078264 5.736997 -172.907823 -12.269996 3.618996 10.413061 78.305551 -6.320338 4.553823 21.454558 -0.003105 -0.000017 7.607783 -0.443829 0.232451 5.175263 -0.889566 0.469244 4.857135 -0.886570 0.474672 7.572746 -6.028408 -5.684790 -16.952565 13.102465 -11.359562 -97.509966 -85.831668 -84.585739 2.132187 15.094231 -9.364384 -26.080661 -17.480308 1.315845 10.318901 -5.806786 32.068291 -98.341132 82.596549 83.976049 -2.311562 -11.591561 8.634968 -22.264082 16.515235 -1.220075 4.733964 7.634213 -8.998521 
302.116608 91.968689 -502.794006 91.033465 6.557333 84.654430 -174.700434 -2.268406 176.359296 -9.914762 -1.672820 -7.580990 72.647169 3.861566 -5.289869 21.454555 0.003097 0.000002 -173.103058 5.742707 -172.943067 -12.295222 3.610809 10.425035 78.289513 -6.324709 4.568641 21.454557 -0.003105 -0.000017 7.607787 -0.443832 0.232447 5.174750 -0.889571 0.469247 4.856620 -0.886568 0.474676 7.585683 -5.958648 -5.661856 -16.913138 13.074355 -11.311747 -97.582052 -85.820036 -84.514158 2.137921 15.105433 -9.423747 -26.123877 -17.499950 1.315838 10.286963 -5.683891 31.958510 -98.394237 82.597901 83.922528 -2.368515 -11.620911 8.725255 -22.296562 16.486258 -1.220087 4.643840 7.707753 -9.111579 
302.118286 91.964417 -502.802612 91.039728 6.586730 84.648508 -174.664548 -2.254103 176.370320 -9.893416 -1.676533 -7.589124 72.633386 3.870233 -5.279615 21.454553 0.003086 0.000001 -173.089616 5.755216 -172.932221 -12.311086 3.603446 10.410716 78.284616 -6.310114 4.585233 21.454562 -0.003115 -0.000019 7.607781 -0.443836 0.232457 5.186743 -0.889572 0.469245 4.868625 -0.886563 0.474670 7.590751 -5.946594 -5.672577 -16.897354 13.081026 -11.321607 -97.533407 -85.783973 -84.566177 2.095698 15.126714 -9.450197 -26.141091 -17.468651 1.315829 10.232528 -5.631994 31.986189 -98.411988 82.606466 83.903943 -2.392735 -11.634201 8.666115 -22.326247 16.491382 -1.220067 4.599433 7.774062 -9.143272 
302.121185 91.964363 -502.817291 91.048594 6.592872 84.657524 -174.670627 -2.242596 176.441832 -9.884880 -1.681677 -7.632112 72.602397 3.908998 -5.250821 21.454555 0.003104 -0.000000 -173.105393 5.760601 -172.919776 -12.337156 3.593875 10.404033 78.277875 -6.304571 4.586913 21.454557 -0.003106 -0.000016 7.607786 -0.443841 0.232450 5.185338 -0.889573 0.469249 4.867222 -0.886557 0.474675 7.617556 -5.968328 -5.694637 -16.886615 13.123562 -11.359747 -97.817721 -85.791226 -84.280149 2.072379 15.146590 -9.628957 -26.153821 -17.397161 1.315830 10.160960 -5.538656 32.171567 -98.419297 82.598721 83.897242 -2.409219 -11.633541 8.566777 -22.318910 16.477372 -1.220075 4.541319 7.872526 -9.227136 
302.117889 91.963272 -502.827606 91.051906 6.615413 84.669149 -174.659384 -2.241705 176.447050 -9.900498 -1.672612 -7.627424 72.617895 3.884515 -5.320647 21.454551 0.003094 0.000000 -173.101364 5.758979 -172.902359 -12.370200 3.586024 10.391636 78.298461 -6.281579 4.645689 21.454558 -0.003108 -0.000018 7.607793 -0.443821 0.232458 5.184634 -0.889573 0.469248 4.866509 -0.886568 0.474669 7.626952 -5.945871 -5.702696 -16.867962 13.073774 -11.344467 -97.915352 -85.789826 -84.182143 2.050093 15.183208 -9.568258 -26.136723 -17.419219 1.315829 10.148251 -5.459465 32.103880 -98.503274 82.591139 83.813436 -2.413487 -11.632600 8.538003 -22.302320 16.458150 -1.220080 4.476623 7.917556 -9.340220 
302.115906 91.964546 -502.841705 91.056435 6.626569 84.691279 -174.676665 -2.236198 176.483974 -9.922475 -1.673029 -7.645499 72.586032 3.921920 -5.237402 21.454553 0.003086 -0.000001 -173.118699 5.754622 -172.864602 -12.414766 3.567765 10.396208 78.299076 -6.296446 4.597290 21.454558 -0.003107 -0.000016 7.607781 -0.443840 0.232443 5.183923 -0.889567 0.469253 4.865793 -0.886564 0.474661 7.632710 -5.933688 -5.688835 -16.859941 13.086873 -11.332184 -98.072972 -85.821204 -84.021435 2.063871 15.196433 -9.588631 -26.104112 -17.381110 1.315831 10.181331 -5.390008 32.164054 -98.590891 82.578886 83.726303 -2.435982 -11.617520 8.564744 -22.209601 16.379250 -1.213815 4.411241 7.986039 -9.306299 
302.110596 91.961853 -502.852692 91.058252 6.640586 84.714345 -174.674930 -2.243300 176.481857 -9.929987 -1.675625 -7.620929 72.606980 3.886072 -5.299246 21.454555 0.003103 0.000001 -173.117333 5.752107 -172.902551 -12.426302 3.566865 10.428357 78.300093 -6.310470 4.631270 21.454558 -0.003117 -0.000018 7.607769 -0.443842 0.232443 5.183232 -0.889574 0.469251 4.865113 -0.886562 0.474673 7.633273 -5.908256 -5.677252 -16.868136 13.092831 -11.320659 -98.116774 -85.801383 -83.978993 2.046499 15.209569 -9.569001 -26.066978 -17.392967 1.315835 10.182608 -5.328118 32.133878 -98.577743 82.573606 83.739916 -2.474042 -11.641759 8.573405 -22.067322 16.289381 -1.206187 4.410207 8.072694 -9.179671 
302.102112 91.958969 -502.859497 91.058900 6.658527 84.733114 -174.660067 -2.255006 176.455519 -9.925680 -1.682496 -7.592798 72.599781 3.873488 -5.273721 21.454550 0.003088 -0.000001 -173.097853 5.754806 -172.853578 -12.431081 3.570854 10.406049 78.298570 -6.300041 4.611112 21.454558 -0.003107 -0.000016 7.607780 -0.443842 0.232443 5.182622 -0.889565 0.469253 4.864503 -0.886569 0.474674 7.659669 -5.875742 -5.679793 -16.881969 13.080379 -11.315978 -98.053280 -85.805488 -84.042459 2.050243 15.207160 -9.605999 -26.069519 -17.370725 1.315830 10.255228 -5.304224 32.141733 -98.599422 82.563518 83.719002 -2.470042 -11.649911 8.502600 -21.943388 16.219821 -1.200103 4.407134 7.962002 -9.206730 
302.093414 91.964920 -502.866394 91.058846 6.658336 84.738373 -174.666706 -2.260807 176.468784 -9.915135 -1.688891 -7.591346 72.587972 3.868263 -5.286905 21.454553 0.003087 -0.000000 -173.100886 5.741106 -172.895734 -12.414058 3.577375 10.441921 78.288967 -6.342077 4.543521 21.454558 -0.003115 -0.000017 7.607787 -0.443828 0.232461 5.182138 -0.889565 0.469236 4.864015 -0.886567 0.474671 7.636328 -5.884652 -5.668303 -16.863063 13.102449 -11.311469 -98.073088 -85.777935 -84.024816 2.041753 15.219350 -9.581979 -26.065902 -17.427424 1.315840 10.249530 -5.264087 32.102033 -98.612625 82.559850 83.705922 -2.444559 -11.685062 8.453116 -21.833031 16.160911 -1.197834 4.347331 7.938237 -9.267830 
302.083191 91.961418 -502.874298 91.058504 6.671085 84.731932 -174.660177 -2.259398 176.412858 -9.925223 -1.662207 -7.569376 72.585506 3.851720 -5.288376 21.454553 0.003089 0.000001 -173.096610 5.740199 -172.863864 -12.435340 3.582006 10.407994 78.309232 -6.298811 4.621874 21.454558 -0.003110 -0.000017 7.607790 -0.443829 0.232447 5.181810 -0.889571 0.469238 4.863691 -0.886569 0.474677 7.650978 -5.926409 -5.666358 -16.946447 13.144772 -11.340440 -98.137695 -85.739515 -83.963406 2.016025 15.187293 -9.727531 -26.052531 -17.380858 1.315834 10.232131 -5.284338 32.123268 -98.733560 82.573627 83.583026 -2.383357 -11.750530 8.413345 -21.782102 16.174352 -1.196549 4.297567 7.959464 -9.253848 
302.073486 91.966240 -502.879791 91.057288 6.686920 84.725259 -174.654194 -2.266394 176.468633 -9.938008 -1.672222 -7.601593 72.584250 3.875675 -5.284084 21.454551 0.003085 -0.000000 -173.087649 5.739003 -172.856843 -12.434097 3.580316 10.407827 78.300756 -6.307574 4.586233 21.454558 -0.003098 -0.000017 7.607784 -0.443831 0.232454 5.181697 -0.892736 0.469240 4.863567 -0.889730 0.474677 7.609198 -5.984544 -5.651033 -16.981250 13.185217 -11.352388 -97.965328 -85.682435 -84.141053 1.989966 15.179301 -9.659751 -26.040841 -17.442053 1.315828 10.321889 -5.189205 32.118568 -98.842400 82.544673 83.475977 -2.391542 -11.824911 8.503640 -21.791840 16.185839 -1.196096 4.257601 7.977388 -9.409022 
302.060791 91.962624 -502.887390 91.041135 6.720523 84.716086 -174.631353 -2.289305 176.418240 -9.959288 -1.661772 -7.576632 72.583321 3.854282 -5.294951 21.454555 0.003091 0.000000 -173.064467 5.711107 -172.834959 -12.451702 3.564263 10.395713 78.297798 -6.308008 4.549057 21.454557 -0.003109 -0.000018 7.607787 -0.443833 0.232457 5.181818 -0.894070 0.469240 4.863703 -0.891068 0.474677 7.689860 -5.997287 -5.648560 -17.211371 13.146185 -11.365428 -97.887710 -85.685659 -84.218555 2.046431 15.210051 -9.739129 -26.091263 -17.446410 1.315830 10.338231 -5.187986 32.167684 -98.978805 82.546149 83.338567 -2.361572 -11.878081 8.570256 -21.834728 16.180452 -1.196330 4.159030 8.002213 -9.514098 
302.055206 91.958717 -502.891693 91.033840 6.757919 84.705732 -174.598869 -2.292795 176.413732 -9.973154 -1.653351 -7.585102 72.582720 3.854846 -5.312965 21.454555 0.003088 0.000001 -173.039755 5.711700 -172.796314 -12.475108 3.561876 10.357474 78.296753 -6.273280 4.580438 21.454558 -0.003115 -0.000018 7.607780 -0.443831 0.232451 5.182249 -0.894670 0.469237 4.864126 -0.891705 0.474678 7.868161 -5.931957 -5.595250 -17.854577 13.200158 -11.405201 -97.822359 -85.663515 -84.286092 2.063894 15.217021 -9.650488 -26.090102 -17.480740 1.315833 10.415840 -5.212810 32.201309 -99.103128 82.562487 83.212024 -2.337861 -11.926177 8.480371 -21.843502 16.205162 -1.197138 4.083323 8.046722 -9.540242 
302.049194 91.958961 -502.901611 91.026471 6.777960 84.707057 -174.599935 -2.300602 176.427037 -9.995429 -1.651893 -7.586919 72.582474 3.860200 -5.300191 21.454551 0.003081 -0.000001 -173.027734 5.697692 -172.796587 -12.469882 3.563424 10.365546 78.297163 -6.295016 4.515709 21.454560 -0.003107 -0.000018 7.607786 -0.443829 0.232447 5.183008 -0.894749 0.469248 4.864889 -0.891776 0.474665 7.936138 -5.774589 -5.498898 -18.414660 13.327051 -11.412234 -97.877130 -85.651972 -84.232065 2.045961 15.236209 -9.670627 -26.144347 -17.555893 1.315828 10.752808 -5.260228 32.563094 -99.348537 82.554946 82.965598 -2.326221 -11.967941 8.499612 -21.877641 16.190729 -1.198399 3.954128 8.117586 -9.674094 
302.043213 91.954613 -502.912598 91.022045 6.803942 84.695507 -174.578378 -2.301113 176.402859 -10.002302 -1.644324 -7.582333 72.582535 3.856123 -5.303016 21.454553 0.003091 -0.000002 -173.007148 5.698193 -172.807584 -12.470057 3.566577 10.355893 78.298598 -6.269227 4.591874 21.454557 -0.003107 -0.000017 7.607781 -0.443833 0.232458 5.184158 -0.894402 0.466674 4.866021 -0.891490 0.472143 7.906015 -5.576362 -5.386448 -18.739778 13.431792 -11.361570 -98.009369 -85.651071 -84.099395 1.998842 15.243121 -9.753592 -26.248844 -17.568882 1.315836 11.514621 -5.450016 32.982406 -99.458503 82.516458 82.857974 -2.379961 -12.011281 8.420014 -21.848887 16.220968 -1.199934 3.838376 8.204185 -9.801001 
302.040314 91.957123 -502.928711 91.014880 6.812748 84.677270 -174.582190 -2.311794 176.359514 -10.005357 -1.644311 -7.552364 72.582931 3.835588 -5.299697 21.454553 0.003086 -0.000001 -173.018131 5.686706 -172.872634 -12.476511 3.569038 10.384469 78.300537 -6.300201 4.548905 21.454558 -0.003112 -0.000017 7.607786 -0.443826 0.232451 5.185716 -0.893836 0.460147 4.867592 -0.890936 0.465636 7.851343 -5.368308 -5.271677 -18.902899 13.496572 -11.270133 -98.078491 -85.646433 -84.030363 1.966195 15.285799 -9.752842 -26.285619 -17.657525 1.315823 12.517189 -5.470428 32.531484 -99.731362 82.508310 82.584002 -2.441871 -12.022751 8.547120 -21.883422 16.207998 -1.201652 3.762777 8.247237 -10.011451 
302.038300 91.958130 -502.946686 91.002572 6.841239 84.661854 -174.559445 -2.320017 176.342616 -10.006475 -1.634858 -7.557388 72.584482 3.831384 -5.324273 21.454551 0.003095 -0.000000 -173.005577 5.677695 -172.867143 -12.483751 3.569333 10.375084 78.302559 -6.299091 4.526349 21.454562 -0.003118 -0.000018 7.607789 -0.443819 0.232458 5.189261 -0.893196 0.456026 4.871138 -0.890309 0.461465 7.802101 -5.228424 -5.205282 -19.017077 13.514215 -11.210975 -98.201031 -85.634036 -83.908505 1.901407 15.356821 -10.164128 -26.268441 -17.570236 1.315838 13.373541 -5.479564 31.806852 -99.709287 82.497265 82.607060 -2.480457 -12.034840 8.616374 -21.941600 16.202460 -1.203382 3.686913 8.272098 -9.997236 
302.038086 91.956467 -502.966187 90.996527 6.878811 84.646999 -174.527029 -2.322093 176.287947 -10.002033 -1.614148 -7.538476 72.595485 3.795240 -5.397459 21.454553 0.003099 0.000001 -172.994854 5.671097 -172.885940 -12.506271 3.557291 10.378817 78.306070 -6.298499 4.539299 21.454557 -0.003106 -0.000018 7.607790 -0.443827 0.232451 5.199149 -0.892607 0.448956 4.881034 -0.889759 0.454368 7.754087 -5.140065 -5.191240 -19.077779 13.500131 -11.191842 -98.267550 -85.649445 -83.840394 1.930672 15.422318 -10.428817 -26.270663 -17.518510 1.315831 14.027002 -5.459375 31.356623 -99.789330 82.486207 82.527434 -2.506773 -12.035010 8.499013 -22.003051 16.284931 -1.205022 3.613217 8.326370 -10.031563 
302.041290 91.958969 -502.996399 90.986234 6.896214 84.618886 -174.514257 -2.307595 176.249575 -9.979497 -1.583443 -7.534929 72.534300 3.814478 -5.318110 21.454551 0.003096 0.000001 -173.021970 5.658407 -172.890051 -12.541106 3.541024 10.372231 78.287963 -6.304648 4.493499 21.454558 -0.003105 -0.000016 7.607797 -0.443827 0.232448 5.208472 -0.892276 0.445023 4.890330 -0.889445 0.450397 7.677183 -5.144339 -5.209221 -19.089392 13.560233 -11.238912 -98.485891 -85.639466 -83.622211 1.969781 15.458070 -10.436814 -26.241372 -17.549580 1.315829 14.492791 -5.466288 31.218281 -99.886100 82.461154 82.432030 -2.559424 -12.021041 8.545011 -22.063261 16.312852 -1.207611 3.511205 8.412108 -10.242263 
302.038300 91.955406 -503.021515 90.981699 6.920244 84.606421 -174.483671 -2.309596 176.208676 -9.938652 -1.574153 -7.515686 72.524212 3.797707 -5.325723 21.454553 0.003088 -0.000001 -173.030220 5.656290 -172.883713 -12.576795 3.525009 10.349206 78.320024 -6.266430 4.583867 21.454557 -0.003109 -0.000018 7.607788 -0.443839 0.230910 5.217497 -0.892321 0.449756 4.899374 -0.889514 0.455104 7.664415 -5.161132 -5.272699 -19.131145 13.579184 -11.320749 -98.584833 -85.617692 -83.524601 1.948844 15.454403 -10.475792 -26.170611 -17.508971 1.315829 14.675959 -5.565176 31.251889 -99.992494 82.431456 82.327330 -2.547365 -12.037242 8.526511 -22.167652 16.412719 -1.215350 3.430715 8.307401 -10.292805 
302.042114 91.957047 -503.051697 90.986760 6.920817 84.601824 -174.476390 -2.287507 176.246147 -9.877809 -1.564421 -7.546266 72.480957 3.829702 -5.288646 21.454551 0.003095 -0.000002 -173.059659 5.660792 -172.915446 -12.589685 3.528892 10.367636 78.303454 -6.286270 4.555643 21.454558 -0.003104 -0.000017 7.607794 -0.443826 0.228977 5.215329 -0.892931 0.445023 4.897208 -0.890133 0.450373 7.645296 -5.241759 -5.307948 -19.087192 13.664928 -11.393935 -98.580107 -85.589046 -83.531649 1.972430 15.513960 -10.491435 -26.208597 -17.556088 1.315836 14.777558 -5.652350 31.236081 -100.147703 82.392770 82.174163 -2.580282 -12.050300 8.609722 -22.256849 16.465428 -1.219906 3.374235 8.341190 -10.456845 
302.048492 91.957428 -503.082397 90.992006 6.912014 84.605355 -174.498656 -2.265904 176.275913 -9.859598 -1.535006 -7.561772 72.469946 3.825768 -5.333860 21.454555 0.003093 -0.000001 -173.080559 5.675007 -172.882128 -12.574009 3.541506 10.347926 78.283680 -6.281144 4.518716 21.454558 -0.003116 -0.000020 7.607781 -0.443836 0.227231 5.201396 -0.894240 0.437890 4.883283 -0.891456 0.443279 7.697081 -5.238774 -5.327087 -19.050608 13.657718 -11.403410 -98.478945 -85.560803 -83.635434 1.989749 15.534878 -10.491307 -26.228792 -17.568887 1.315829 14.776189 -5.606691 30.930242 -100.434161 82.370333 81.887548 -2.623072 -12.099659 8.661437 -22.341296 16.543027 -1.225978 3.355745 8.386286 -10.446750 
302.046295 91.961052 -503.111115 90.988126 6.917812 84.623455 -174.492632 -2.267389 176.268358 -9.820754 -1.521520 -7.549116 72.431725 3.823274 -5.307691 21.454553 0.003089 -0.000000 -173.064221 5.651803 -172.903056 -12.521326 3.527310 10.373729 78.255861 -6.298470 4.518450 21.454558 -0.003107 -0.000020 7.607780 -0.443843 0.226275 5.201186 -0.896393 0.432184 4.883059 -0.893636 0.437585 7.679252 -5.272778 -5.352412 -18.943591 13.678432 -11.426631 -98.147926 -85.563897 -83.967614 1.973454 15.589688 -10.585046 -26.201429 -17.537935 1.315838 14.747710 -5.597426 30.545914 -100.633070 82.378488 81.686597 -2.650923 -12.204312 8.804437 -22.401631 16.593581 -1.228922 3.309111 8.474765 -10.543208 
302.047607 91.970863 -503.141907 90.977894 6.926488 84.614972 -174.489067 -2.278385 176.269410 -9.795947 -1.522334 -7.556759 72.410367 3.818862 -5.337103 21.454550 0.003089 -0.000000 -173.057719 5.637902 -172.902906 -12.472604 3.524436 10.373807 78.210502 -6.304565 4.490927 21.454557 -0.003112 -0.000017 7.612041 -0.443838 0.226698 5.209700 -0.901399 0.433242 4.891563 -0.898640 0.438677 7.608093 -5.314756 -5.350401 -18.834031 13.722213 -11.432833 -97.756673 -85.535948 -84.362480 1.854652 15.613640 -10.748703 -26.076870 -17.460941 1.315821 14.680942 -5.633748 30.298692 -100.963419 82.416539 81.351221 -2.739095 -12.288140 8.779157 -22.357058 16.605602 -1.230563 3.321827 8.529737 -10.407378 
302.050995 91.971184 -503.181000 90.971713 6.944911 84.598129 -174.490761 -2.268405 176.215138 -9.803966 -1.490802 -7.538715 72.398735 3.804547 -5.338145 21.454557 0.003097 0.000001 -173.064139 5.638189 -172.934407 -12.467761 3.533565 10.380094 78.196698 -6.310929 4.482315 21.454558 -0.003110 -0.000017 7.617663 -0.443829 0.230439 5.220881 -0.909664 0.440495 4.902772 -0.906845 0.445986 7.537645 -5.322949 -5.341257 -18.697665 13.669980 -11.387019 -97.463350 -85.558201 -84.655352 1.748017 15.599032 -10.859435 -25.946753 -17.392353 1.315830 14.622991 -5.714112 29.958036 -101.691032 82.483338 80.614988 -2.827368 -12.292700 8.686272 -22.296089 16.575452 -1.231405 3.262133 8.454702 -10.590180 
302.053986 91.971878 -503.219788 90.958620 6.958237 84.581012 -174.508997 -2.273093 176.274410 -9.802331 -1.490660 -7.574678 72.370212 3.829641 -5.337734 21.454555 0.003088 0.000002 -173.080204 5.630496 -172.918779 -12.473631 3.531416 10.358427 78.184144 -6.295087 4.482889 21.454560 -0.003113 -0.000017 7.625955 -0.443836 0.236277 5.237431 -0.912550 0.452054 4.919300 -0.909676 0.457567 7.445484 -5.365650 -5.320829 -18.632862 13.692362 -11.373302 -97.314288 -85.555291 -84.805015 1.618173 15.560762 -10.935500 -25.932027 -17.324430 1.315836 14.452388 -6.056513 29.597672 -102.304459 82.538123 79.994390 -2.933434 -12.321112 8.614518 -22.295401 16.589539 -1.233043 3.149388 8.330369 -10.756214 
302.053986 91.973633 -503.265991 90.936032 6.958495 84.551137 -174.552793 -2.294598 176.259452 -9.829499 -1.491630 -7.576692 72.365322 3.833190 -5.329875 21.454551 0.003094 0.000000 -173.126799 5.604210 -172.923014 -12.483409 3.520840 10.345066 78.154836 -6.292478 4.452015 21.454560 -0.003111 -0.000017 7.630000 -0.443833 0.247866 5.245428 -0.915617 0.475188 4.927302 -0.912580 0.480694 7.412300 -5.399928 -5.309981 -18.689148 13.740398 -11.393815 -97.394707 -85.568487 -84.723326 1.494200 15.505800 -10.923024 -26.019121 -17.385394 1.315822 14.466920 -6.327290 28.891697 -103.066216 82.623658 79.222189 -2.974363 -12.345969 8.508198 -22.382573 16.632875 -1.235070 3.094957 8.324482 -10.740964 
302.063385 91.969963 -503.309998 90.921224 6.953249 84.511843 -174.562724 -2.290995 176.244193 -9.828788 -1.484150 -7.611721 72.332776 3.875693 -5.269061 21.454551 0.003099 0.000000 -173.159174 5.603503 -172.936469 -12.489687 3.517620 10.318058 78.152828 -6.257545 4.515210 21.454558 -0.003102 -0.000016 7.636724 -0.443833 0.264458 5.258721 -0.915855 0.508229 4.940596 -0.912632 0.513767 7.359917 -5.417724 -5.303182 -18.685214 13.727796 -11.385426 -97.224417 -85.598649 -84.891608 1.380680 15.462141 -10.970048 -26.112360 -17.413752 1.315839 14.494850 -6.531330 27.898241 -103.827980 82.676325 78.452584 -3.067493 -12.306470 8.481974 -22.416483 16.622433 -1.237256 3.029716 8.427303 -10.777602 
302.079407 91.978958 -503.346588 90.908076 6.948618 84.492903 -174.597885 -2.295304 176.191792 -9.822656 -1.472458 -7.579430 72.312620 3.853365 -5.264161 21.454551 0.003089 -0.000002 -173.183845 5.610597 -172.884355 -12.471775 3.535124 10.289749 78.099122 -6.260598 4.418383 21.454560 -0.003109 -0.000017 7.639042 -0.443835 0.272147 5.263318 -0.907447 0.523776 4.945204 -0.904122 0.529256 7.320174 -5.460058 -5.286758 -18.645732 13.720627 -11.366214 -97.231684 -85.607200 -84.883699 1.304574 15.431919 -10.975755 -26.209579 -17.444551 1.315830 14.294732 -6.787387 27.112368 -104.223195 82.755132 78.049186 -3.164976 -12.300840 8.493456 -22.449481 16.673083 -1.239399 2.969431 8.459128 -10.796562 
302.097687 91.982063 -503.382385 90.901430 6.947268 84.481497 -174.615822 -2.296604 176.167272 -9.819242 -1.471380 -7.572151 72.296070 3.837569 -5.295461 21.454555 0.003113 0.000003 -173.189036 5.609812 -172.896403 -12.426364 3.528849 10.280694 78.062205 -6.244368 4.455174 21.454558 -0.003110 -0.000019 7.642276 -0.443831 0.279929 5.271745 -0.900568 0.539491 4.953605 -0.897163 0.544923 7.294639 -5.489947 -5.277469 -18.627671 13.707741 -11.353392 -97.215626 -85.600609 -84.900365 1.207924 15.400338 -10.987068 -26.268143 -17.447961 1.315829 13.980590 -7.311347 26.790831 -104.485085 82.803251 77.782071 -3.243434 -12.278722 8.409442 -22.552851 16.724411 -1.241261 3.006026 8.398494 -10.584404 
302.122101 91.985733 -503.423615 90.905959 6.928170 84.474441 -174.668906 -2.283001 176.166739 -9.829346 -1.473515 -7.572019 72.294472 3.832125 -5.312842 21.454551 0.003092 0.000001 -173.250194 5.621307 -172.924530 -12.444842 3.526847 10.299666 78.039221 -6.269868 4.404229 21.454558 -0.003115 -0.000017 7.645690 -0.443831 0.291382 5.276475 -0.896998 0.562444 4.958350 -0.893443 0.567849 7.269403 -5.486521 -5.280905 -18.643160 13.685560 -11.351367 -97.301625 -85.625519 -84.811962 1.144900 15.381340 -10.934300 -26.323086 -17.516777 1.315843 13.658349 -7.824264 26.462156 -104.648812 82.805464 77.617375 -3.333436 -12.230970 8.315853 -22.653692 16.737312 -1.242632 3.014511 8.410653 -10.285066 
302.147705 91.990593 -503.464111 90.912161 6.905910 84.483511 -174.719996 -2.273106 176.191655 -9.832536 -1.494414 -7.586970 72.272247 3.851372 -5.283597 21.454551 0.003098 -0.000002 -173.315176 5.643709 -172.955676 -12.466551 3.539384 10.323059 78.001758 -6.287180 4.398254 21.454558 -0.003099 -0.000017 7.648715 -0.443833 0.297155 5.282509 -0.892762 0.574064 4.964383 -0.889145 0.579451 7.239318 -5.474140 -5.287342 -18.652488 13.681187 -11.357542 -97.457920 -85.617330 -84.655940 1.103698 15.367613 -10.957048 -26.432313 -17.545016 1.315845 13.371402 -8.247762 26.213387 -104.996748 82.832566 77.265675 -3.403551 -12.182091 8.330374 -22.715850 16.760132 -1.243609 2.997204 8.590971 -10.183405 
302.174500 91.988731 -503.497803 90.912208 6.909688 84.496919 -174.742235 -2.262795 176.163515 -9.833848 -1.501191 -7.556802 72.263087 3.840930 -5.247202 21.454551 0.003089 -0.000002 -173.331650 5.657498 -172.933300 -12.475657 3.525604 10.310932 78.008888 -6.256724 4.484943 21.454557 -0.003102 -0.000017 7.658777 -0.443833 0.297957 5.302634 -0.884385 0.582330 4.984506 -0.880719 0.587658 7.250366 -5.469735 -5.292642 -18.708505 13.694227 -11.376364 -97.511291 -85.612016 -84.602698 1.080862 15.367243 -10.942363 -26.501465 -17.556883 1.315835 13.143331 -8.607180 26.088184 -105.063800 82.866280 77.195570 -3.457705 -12.176089 8.363442 -22.767532 16.775143 -1.244458 2.993324 8.785163 -10.054079 
302.202606 91.992531 -503.526215 90.924878 6.903365 84.539177 -174.781986 -2.248707 176.191068 -9.842670 -1.522944 -7.554432 72.235486 3.852267 -5.202994 21.454555 0.003107 -0.000002 -173.361717 5.680497 -172.972628 -12.489680 3.540299 10.352710 77.993896 -6.284550 4.491102 21.454557 -0.003102 -0.000016 7.666073 -0.443830 0.296859 5.317215 -0.878870 0.578251 4.999108 -0.875206 0.583564 7.237520 -5.470815 -5.291055 -18.708528 13.681203 -11.369270 -97.567886 -85.606306 -84.546295 1.062157 15.379699 -10.923531 -26.529542 -17.581095 1.315827 12.979560 -8.854488 26.204635 -105.200855 82.857319 77.058590 -3.521515 -12.135219 8.342410 -22.791911 16.797331 -1.245180 2.980718 8.866817 -9.994767 
302.227509 91.992058 -503.552612 90.942050 6.896172 84.579011 -174.816943 -2.225010 176.228771 -9.845034 -1.537544 -7.557301 72.205072 3.876778 -5.127865 21.454553 0.003092 -0.000000 -173.390458 5.712010 -172.877907 -12.515651 3.529603 10.313049 77.980427 -6.248832 4.519724 21.454558 -0.003106 -0.000017 7.669140 -0.443834 0.297220 5.323365 -0.876932 0.574326 5.005262 -0.873255 0.579621 7.286456 -5.480400 -5.271896 -18.713583 13.715814 -11.362486 -97.632350 -85.591313 -84.482828 1.059369 15.357689 -10.857445 -26.521643 -17.573242 1.315837 12.935712 -8.955117 26.186450 -105.384075 82.887788 76.872078 -3.520308 -12.125279 8.386724 -22.813587 16.796537 -1.245794 2.965854 8.917300 -9.978322 
302.248596 91.990700 -503.571808 90.949228 6.890306 84.603347 -174.846245 -2.211998 176.200999 -9.862346 -1.531039 -7.535061 72.225480 3.851739 -5.158739 21.454553 0.003101 0.000001 -173.413818 5.725201 -172.805712 -12.534072 3.511874 10.283634 77.973057 -6.232093 4.501901 21.454560 -0.003106 -0.000017 7.672842 -0.443826 0.301615 5.330721 -0.875878 0.583227 5.012634 -0.872176 0.588502 7.324238 -5.488060 -5.282508 -18.706153 13.697733 -11.364810 -97.612959 -85.590822 -84.502458 1.060445 15.393998 -10.880982 -26.500837 -17.574078 1.315829 12.915438 -8.965671 26.123706 -105.341085 82.881948 76.915757 -3.526946 -12.138021 8.363404 -22.793019 16.798000 -1.246303 3.009173 9.035413 -9.795107 
302.272614 91.997108 -503.592194 90.959767 6.867415 84.621857 -174.886584 -2.197115 176.293084 -9.848381 -1.558786 -7.583269 72.186842 3.901330 -5.107918 21.454550 0.003084 -0.000000 -173.456301 5.733197 -172.848373 -12.540340 3.506064 10.333536 77.952286 -6.274508 4.470554 21.454560 -0.003111 -0.000018 7.673401 -0.443826 0.309575 5.331788 -0.875560 0.599087 5.013674 -0.871865 0.604377 7.338978 -5.483199 -5.287107 -18.685697 13.707688 -11.369291 -97.854884 -85.594380 -84.259174 1.063808 15.396421 -10.927194 -26.448390 -17.553484 1.315832 12.915340 -8.820896 26.173416 -105.376329 82.860891 76.881900 -3.502847 -12.154680 8.291237 -22.774477 16.812902 -1.246704 3.051963 9.102374 -9.652901 
302.288391 91.996658 -503.604492 90.962861 6.878338 84.646241 -174.904356 -2.198298 176.252553 -9.883306 -1.566163 -7.539529 72.211881 3.863657 -5.131087 21.454551 0.003087 0.000000 -173.456766 5.749308 -172.798199 -12.558725 3.500008 10.308295 77.962156 -6.242980 4.526040 21.454558 -0.003114 -0.000018 7.679759 -0.443833 0.312919 5.344625 -0.875903 0.596330 5.026509 -0.872171 0.601592 7.378406 -5.482547 -5.276964 -18.669590 13.675494 -11.342358 -97.841476 -85.581990 -84.273715 1.117324 15.415969 -10.879726 -26.417189 -17.548554 1.315824 13.023619 -8.489397 26.449419 -105.479206 82.872912 76.777535 -3.490229 -12.156109 8.314557 -22.729305 16.770440 -1.247015 3.031788 9.122660 -9.635294 
302.304901 91.996140 -503.615112 90.965067 6.893455 84.659594 -174.907102 -2.189097 176.267293 -9.902281 -1.575155 -7.540040 72.225405 3.864676 -5.130961 21.454551 0.003091 0.000000 -173.455113 5.764494 -172.779266 -12.577586 3.500947 10.306575 77.964075 -6.235550 4.550948 21.454558 -0.003118 -0.000018 7.685879 -0.443835 0.314402 5.356814 -0.876746 0.594778 5.038691 -0.873008 0.600040 7.440059 -5.460009 -5.253738 -18.652487 13.656939 -11.303566 -97.881706 -85.557408 -84.235289 1.157690 15.437500 -10.800306 -26.361477 -17.541500 1.315828 13.102799 -8.267030 26.595847 -105.710920 82.908258 76.541969 -3.436384 -12.164741 8.211726 -22.695182 16.785009 -1.247283 3.097731 9.178191 -9.442941 
302.323212 91.996887 -503.625702 90.966706 6.889383 84.684203 -174.934300 -2.172102 176.266924 -9.925026 -1.574061 -7.519496 72.244065 3.853236 -5.121994 21.454548 0.003088 -0.000002 -173.474155 5.779096 -172.801641 -12.587566 3.501767 10.337785 77.945928 -6.266493 4.513640 21.454558 -0.003109 -0.000018 7.688155 -0.443831 0.315466 5.360345 -0.878023 0.599872 5.042223 -0.874238 0.605159 7.495492 -5.404885 -5.243999 -18.611581 13.677099 -11.286818 -97.987376 -85.560318 -84.129113 1.184251 15.439581 -10.758832 -26.288119 -17.518829 1.315830 13.163102 -8.100278 26.677201 -105.948952 82.877925 76.305200 -3.421974 -12.185222 8.168322 -22.671363 16.792239 -1.247456 3.120925 9.188451 -9.302332 
302.331696 91.991730 -503.632111 90.968346 6.906608 84.683158 -174.925967 -2.177791 176.240013 -9.936459 -1.574159 -7.505292 72.241900 3.851942 -5.093466 21.454551 0.003092 0.000001 -173.458979 5.782600 -172.780714 -12.596199 3.495299 10.315154 77.963939 -6.230368 4.595168 21.454558 -0.003104 -0.000017 7.689266 -0.443838 0.316159 5.360521 -0.879579 0.609846 5.042409 -0.875768 0.615121 7.576507 -5.369184 -5.246445 -18.586282 13.635650 -11.262620 -97.932523 -85.565885 -84.183755 1.216268 15.511343 -10.868552 -26.281673 -17.514314 1.315831 13.230133 -7.974631 26.801953 -106.133183 82.868841 76.120778 -3.410432 -12.206491 8.167247 -22.662493 16.763898 -1.247568 3.064893 9.267191 -9.381091 
302.345306 91.994812 -503.636505 90.969589 6.918158 84.678732 -174.921240 -2.156601 176.255285 -9.942880 -1.574842 -7.517456 72.224490 3.870896 -5.057852 21.454555 0.003105 0.000001 -173.461765 5.797003 -172.767791 -12.611219 3.490122 10.306135 77.948721 -6.225856 4.585697 21.454558 -0.003105 -0.000019 7.689382 -0.443833 0.316542 5.358502 -0.881299 0.611709 5.040397 -0.877453 0.617006 7.608759 -5.381163 -5.221963 -18.530768 13.648836 -11.234195 -98.106713 -85.518913 -84.012693 1.209031 15.546837 -10.834260 -26.258468 -17.525350 1.315830 13.232811 -7.863356 26.837526 -106.201751 82.873930 76.051670 -3.429763 -12.257171 8.233354 -22.642338 16.741878 -1.247627 3.005759 9.282879 -9.553811 
302.352905 91.991737 -503.641113 90.970142 6.938894 84.684387 -174.913058 -2.153394 176.280243 -9.956236 -1.575783 -7.535491 72.217571 3.886116 -5.049511 21.454551 0.003093 -0.000000 -173.450755 5.794294 -172.772504 -12.625234 3.478947 10.306087 77.952949 -6.221247 4.604146 21.454555 -0.003112 -0.000016 7.688636 -0.443832 0.316662 5.355442 -0.883062 0.616652 5.037325 -0.879189 0.621958 7.642263 -5.387924 -5.219967 -18.516315 13.639224 -11.225751 -98.275460 -85.516113 -83.843502 1.215821 15.581630 -10.805072 -26.233805 -17.514876 1.315836 13.215611 -7.752370 26.880430 -106.392825 82.877591 75.859127 -3.400159 -12.297631 8.110848 -22.641276 16.777470 -1.247642 3.017089 9.327822 -9.472630 
302.357513 91.989563 -503.646698 90.969664 6.962235 84.688212 -174.901200 -2.152494 176.313233 -9.977913 -1.576648 -7.551878 72.244482 3.890646 -5.075897 21.454551 0.003092 -0.000001 -173.440619 5.803800 -172.695869 -12.654255 3.471814 10.267148 77.960612 -6.197250 4.589397 21.454558 -0.003114 -0.000017 7.687204 -0.443826 0.316551 5.352492 -0.884761 0.628701 5.034383 -0.880848 0.634022 7.660017 -5.369680 -5.217977 -18.510151 13.613780 -11.210364 -98.404386 -85.545169 -83.711577 1.231378 15.642069 -10.833426 -26.238471 -17.506091 1.315824 13.172930 -7.713664 26.818961 -106.762421 82.862926 75.488767 -3.372937 -12.308639 8.086357 -22.649642 16.772513 -1.247642 2.961750 9.390493 -9.494123 
302.357697 91.987267 -503.656891 90.966597 6.969899 84.701442 -174.924423 -2.157807 176.323451 -10.011763 -1.577092 -7.543580 72.249256 3.885174 -5.074930 21.454553 0.003088 0.000002 -173.462134 5.787209 -172.751959 -12.690545 3.463798 10.316936 77.959253 -6.244443 4.541474 21.454558 -0.003109 -0.000017 7.685195 -0.443833 0.316264 5.350811 -0.886264 0.623556 5.032693 -0.882332 0.628907 7.635317 -5.374174 -5.195598 -18.472878 13.634237 -11.190984 -98.558626 -85.530600 -83.557959 1.220878 15.677702 -10.829712 -26.239995 -17.486056 1.315833 13.142612 -7.732956 26.826487 -107.103233 82.879906 75.144881 -3.364189 -12.348331 8.029549 -22.640802 16.800631 -1.247615 2.871890 9.407485 -9.776984 
302.357086 91.984589 -503.661011 90.960457 7.001277 84.715007 -174.907170 -2.165693 176.264028 -10.044973 -1.576756 -7.493935 72.276611 3.846067 -5.088636 21.454550 0.003076 -0.000000 -173.435387 5.783999 -172.733339 -12.708258 3.457066 10.302322 77.981062 -6.219853 4.599896 21.454562 -0.003115 -0.000017 7.682802 -0.443827 0.315859 5.350471 -0.888322 0.623664 5.032364 -0.884380 0.629035 7.661955 -5.324321 -5.203933 -18.492085 13.573696 -11.172782 -98.684417 -85.572735 -83.428097 1.231563 15.722831 -10.818418 -26.220850 -17.479028 1.315836 13.057879 -7.741996 26.869850 -107.328787 82.868424 74.919191 -3.389941 -12.363851 7.902284 -22.571677 16.798802 -1.247546 2.862670 9.388236 -9.833435 
302.355194 91.984108 -503.664093 90.954945 7.018770 84.716523 -174.902990 -2.173602 176.240437 -10.057401 -1.574666 -7.478023 72.281877 3.835241 -5.087459 21.454553 0.003093 0.000001 -173.438311 5.783598 -172.706483 -12.742073 3.450706 10.289431 77.992830 -6.213645 4.589648 21.454558 -0.003106 -0.000016 7.678142 -0.443831 0.315376 5.341132 -0.897721 0.625939 5.023015 -0.893781 0.631352 7.678155 -5.299003 -5.199668 -18.484107 13.583589 -11.167553 -98.922422 -85.598738 -83.187230 1.222169 15.719672 -10.814256 -26.188334 -17.457704 1.315833 12.974179 -7.706657 26.848012 -107.824481 82.873930 74.420300 -3.386202 -12.373928 7.841507 -22.552788 16.804789 -1.247496 2.869060 9.299016 -9.762963 
302.353302 91.984299 -503.671204 90.950738 7.033346 84.705506 -174.884139 -2.171095 176.266555 -10.044294 -1.573101 -7.502111 72.253293 3.864757 -5.044440 21.454553 0.003097 0.000001 -173.439622 5.774994 -172.720540 -12.762311 3.440853 10.287522 77.992564 -6.202506 4.628106 21.454557 -0.003109 -0.000018 7.672960 -0.443835 0.314861 5.330762 -0.903537 0.627740 5.012649 -0.899581 0.633184 7.687573 -5.320202 -5.189723 -18.468698 13.617699 -11.169942 -99.014240 -85.616797 -83.093513 1.212195 15.742181 -10.732787 -26.160258 -17.487910 1.315832 12.972579 -7.718990 26.722079 -108.131081 82.890691 74.110824 -3.396805 -12.380320 7.862699 -22.566872 16.754994 -1.247444 2.852758 9.283797 -9.847955 
302.352905 91.983681 -503.675507 90.949918 7.044471 84.701306 -174.860438 -2.168001 176.306649 -10.019271 -1.571680 -7.533332 72.249946 3.874812 -5.083407 21.454551 0.003091 -0.000002 -173.428967 5.767508 -172.801163 -12.747786 3.443791 10.333859 77.979368 -6.235810 4.624786 21.454558 -0.003104 -0.000018 7.666291 -0.447167 0.314368 5.317431 -0.908685 0.627706 4.999303 -0.904754 0.633186 7.699014 -5.323607 -5.190770 -18.461547 13.578562 -11.155001 -99.152975 -85.633633 -82.952852 1.176972 15.761548 -10.776580 -26.151978 -17.488501 1.315837 12.951071 -7.753132 26.718278 -108.213890 82.897726 74.027113 -3.404778 -12.416820 7.850262 -22.600579 16.772520 -1.247405 2.831317 9.273957 -9.977963 
302.351501 91.985924 -503.680389 90.941715 7.058496 84.694387 -174.851873 -2.173490 176.310665 -10.021809 -1.570408 -7.539514 72.244113 3.883441 -5.069167 21.454553 0.003092 -0.000000 -173.423407 5.755601 -172.768187 -12.756099 3.439308 10.320696 77.968399 -6.250835 4.526541 21.454560 -0.003115 -0.000021 7.660897 -0.449579 0.313956 5.306648 -0.912144 0.616732 4.988538 -0.908250 0.622225 7.699000 -5.361448 -5.166320 -18.455209 13.587478 -11.136193 -99.273432 -85.617152 -82.833427 1.144777 15.759053 -10.788879 -26.160178 -17.498270 1.315323 12.905081 -7.758277 26.686756 -108.461171 82.956500 73.773939 -3.380401 -12.434621 7.863095 -22.627691 16.770392 -1.247384 2.842714 9.281813 -9.984594 
302.345795 91.980698 -503.686096 90.934905 7.089338 84.685787 -174.816943 -2.179003 176.260326 -10.031372 -1.569317 -7.528499 72.245923 3.886641 -5.033599 21.454551 0.003083 -0.000003 -173.400581 5.754599 -172.733257 -12.773689 3.426610 10.279434 77.996403 -6.195432 4.633157 21.454558 -0.003109 -0.000017 7.659623 -0.451669 0.313653 5.305790 -0.919774 0.606361 4.987660 -0.915951 0.611908 7.728000 -5.408791 -5.136946 -18.480598 13.619654 -11.125574 -99.181778 -85.610411 -82.925900 1.116971 15.740711 -10.798054 -26.166014 -17.483145 1.314651 12.869239 -7.803956 26.672372 -108.585439 83.016182 73.644363 -3.356797 -12.458811 7.767248 -22.621349 16.801150 -1.247374 2.848182 9.283500 -9.864670 
302.345093 91.981430 -503.697510 90.928266 7.104226 84.673507 -174.837079 -2.187003 176.208266 -10.071924 -1.568407 -7.493151 72.251592 3.862564 -5.029860 21.454553 0.003091 -0.000000 -173.407124 5.752519 -172.704011 -12.791076 3.424787 10.268750 77.982688 -6.209186 4.547230 21.454558 -0.003106 -0.000017 7.659870 -0.454120 0.313135 5.299764 -0.924023 0.607607 4.981648 -0.920174 0.613186 7.746987 -5.403654 -5.139413 -18.452461 13.561655 -11.100638 -99.280543 -85.649179 -82.823359 1.092326 15.719870 -10.818535 -26.169284 -17.498982 1.313879 12.856330 -7.845745 26.650541 -108.856673 83.024358 73.371074 -3.352838 -12.402232 7.757014 -22.612799 16.784799 -1.247438 2.823572 9.243344 -9.924115 
302.342804 91.980042 -503.708099 90.920603 7.126414 84.662647 -174.822899 -2.192298 176.245833 -10.080675 -1.567686 -7.513562 72.262664 3.869721 -5.055343 21.454553 0.003099 -0.000000 -173.404009 5.751100 -172.660885 -12.822090 3.427467 10.229072 78.005664 -6.177243 4.565035 21.454558 -0.003110 -0.000017 7.655505 -0.457538 0.312129 5.301322 -0.928957 0.613329 4.983198 -0.925138 0.618954 7.765418 -5.409374 -5.119424 -18.439731 13.592286 -11.089569 -99.232164 -85.667812 -82.870685 1.070978 15.696862 -10.838142 -26.201413 -17.504190 1.313023 12.843689 -7.861829 26.650372 -108.848032 83.037390 73.378717 -3.364754 -12.402090 7.805029 -22.610989 16.795213 -1.247522 2.816269 9.212106 -9.906023 
302.341400 91.982040 -503.724304 90.918711 7.123111 84.640114 -174.826506 -2.193898 176.274014 -10.074767 -1.567643 -7.542831 72.276748 3.872395 -5.131506 21.454553 0.003087 -0.000001 -173.426658 5.752699 -172.725539 -12.824005 3.432754 10.255725 77.987482 -6.195904 4.564318 21.454560 -0.003108 -0.000018 7.649401 -0.462356 0.310776 5.288272 -0.938991 0.615588 4.970151 -0.935104 0.621264 7.789864 -5.382136 -5.126524 -18.410194 13.566619 -11.078969 -99.120156 -85.711156 -82.979381 1.052012 15.647513 -10.799903 -26.182736 -17.510573 1.312136 12.812472 -7.904808 26.632294 -108.758871 83.049882 73.467304 -3.346866 -12.420789 7.796888 -22.644818 16.826174 -1.247674 2.836774 9.167788 -9.864845 
302.345215 91.983559 -503.739105 90.922665 7.123528 84.622622 -174.834005 -2.174887 176.252950 -10.063364 -1.540375 -7.546405 72.229770 3.873352 -5.097004 21.454551 0.003097 -0.000002 -173.437040 5.761900 -172.720813 -12.821757 3.439959 10.243830 77.978098 -6.195692 4.531157 21.454557 -0.003120 -0.000018 7.644917 -0.467080 0.309198 5.274639 -0.947985 0.608294 4.956518 -0.944150 0.614014 7.834285 -5.400646 -5.118069 -18.391300 13.579632 -11.072631 -99.119657 -85.726988 -82.978602 1.050226 15.617357 -10.832607 -26.213134 -17.530722 1.311235 12.748693 -7.983054 26.626307 -108.860491 83.080570 73.362877 -3.340745 -12.384410 7.813047 -22.649524 16.820311 -1.247897 2.807036 9.149183 -9.876643 
302.342407 91.985786 -503.752808 90.910877 7.136355 84.618073 -174.836464 -2.200194 176.244439 -10.058758 -1.561086 -7.544242 72.228847 3.873090 -5.097175 21.454551 0.003085 -0.000001 -173.429500 5.738015 -172.747300 -12.811757 3.422479 10.257657 77.969656 -6.200735 4.547826 21.454557 -0.003101 -0.000018 7.642864 -0.470084 0.307530 5.270245 -0.947924 0.604780 4.952123 -0.944123 0.610509 7.869969 -5.422145 -5.133119 -18.387547 13.560408 -11.081332 -99.157155 -85.759193 -82.938229 1.043895 15.604860 -10.912146 -26.261130 -17.524280 1.310339 12.654710 -8.128092 26.611699 -108.652068 83.078364 73.572469 -3.356493 -12.399841 7.772078 -22.665423 16.878133 -1.248190 2.834679 9.160237 -9.811899 
302.342194 91.982841 -503.774109 90.914408 7.146486 84.610847 -174.837584 -2.194109 176.205630 -10.071831 -1.555900 -7.531777 72.212824 3.872035 -5.071086 21.454553 0.003100 0.000002 -173.444950 5.751195 -172.700773 -12.832807 3.420305 10.223834 77.958611 -6.173642 4.558831 21.454555 -0.003103 -0.000017 7.641791 -0.471494 0.305903 5.272035 -0.951799 0.599011 4.953911 -0.946518 0.604784 7.893872 -5.431116 -5.126449 -18.384984 13.559697 -11.073752 -99.170699 -85.802503 -82.921229 1.063245 15.580430 -10.874135 -26.270272 -17.523071 1.309509 12.469613 -8.312711 26.617066 -108.785598 83.082360 73.437955 -3.351274 -12.363350 7.796047 -22.685853 16.857913 -1.248638 2.859703 9.265721 -9.715562 
302.340607 91.983276 -503.795593 90.903063 7.159811 84.612998 -174.838172 -2.213503 176.232432 -10.081461 -1.568474 -7.535701 72.215665 3.870656 -5.088317 21.454555 0.003092 0.000002 -173.436576 5.727992 -172.773200 -12.812615 3.419944 10.267729 77.951644 -6.210077 4.537450 21.454558 -0.003114 -0.000016 7.641451 -0.472203 0.304464 5.274387 -0.957168 0.592081 4.956267 -0.949984 0.597844 7.875241 -5.429395 -5.122790 -18.369708 13.543983 -11.062317 -99.344514 -85.811232 -82.745911 1.030957 15.550358 -10.809176 -26.271718 -17.528043 1.308756 12.373821 -8.460499 26.555162 -108.782087 83.083008 73.441336 -3.333943 -12.358201 7.757493 -22.705258 16.888435 -1.249401 2.892387 9.271234 -9.645393 
302.339813 91.979477 -503.818909 90.901922 7.167163 84.615088 -174.838390 -2.212296 176.264643 -10.068830 -1.571150 -7.556878 72.209115 3.869386 -5.103634 21.454551 0.003102 0.000001 -173.443146 5.732894 -172.754732 -12.820957 3.420153 10.254551 77.964950 -6.193651 4.567679 21.454560 -0.003114 -0.000017 7.641662 -0.472812 0.303328 5.272276 -0.961079 0.590568 4.954153 -0.953637 0.596342 7.914646 -5.387921 -5.117201 -18.387298 13.540001 -11.051459 -99.462997 -85.888912 -82.620844 1.053234 15.547100 -10.848344 -26.280278 -17.513490 1.308153 12.249572 -8.609612 26.503591 -108.882600 83.065537 73.341902 -3.327374 -12.359950 7.737429 -22.699780 16.893524 -1.250126 2.926350 9.327790 -9.482679 
302.335907 91.981949 -503.845398 90.884410 7.147162 84.585268 -174.879303 -2.236689 176.238374 -10.084186 -1.577196 -7.556345 72.205324 3.868709 -5.098639 21.454553 0.003083 -0.000002 -173.490930 5.708895 -172.777039 -12.825570 3.420871 10.253100 77.942970 -6.202351 4.526717 21.454557 -0.003114 -0.000018 7.642242 -0.473995 0.302637 5.261421 -0.961140 0.591471 4.943301 -0.957369 0.597264 7.908072 -5.361491 -5.103785 -18.340916 13.529532 -11.024274 -99.638240 -85.900694 -82.443955 1.005133 15.536710 -10.798821 -26.234198 -17.512842 1.307686 12.043900 -8.885222 26.340814 -109.041095 83.047403 73.183995 -3.352524 -12.374938 7.684872 -22.651310 16.914222 -1.250911 2.996420 9.367495 -9.240487 
302.336700 91.985123 -503.868805 90.882162 7.150972 84.562769 -174.887117 -2.229092 176.217419 -10.087694 -1.557793 -7.555228 72.198276 3.869043 -5.114920 21.454551 0.003096 0.000001 -173.508347 5.710607 -172.804988 -12.826644 3.422031 10.260034 77.923060 -6.213023 4.502029 21.454557 -0.003099 -0.000016 7.642994 -0.476329 0.302526 5.263119 -0.966377 0.593408 4.944986 -0.962940 0.599232 7.905420 -5.360861 -5.100794 -18.321487 13.511886 -11.011376 -99.816767 -85.916349 -82.263550 0.984382 15.549139 -10.819413 -26.231488 -17.479772 1.307411 11.708296 -9.361269 26.122473 -109.342661 83.028524 72.881991 -3.367780 -12.390282 7.679994 -22.661082 16.937249 -1.251774 3.029770 9.340200 -9.080968 
302.336609 91.986023 -503.883087 90.879239 7.167623 84.549785 -174.872363 -2.238093 176.180372 -10.076541 -1.563996 -7.541945 72.174991 3.870830 -5.106211 21.454553 0.003094 -0.000000 -173.500110 5.712206 -172.784361 -12.820710 3.423579 10.238669 77.922493 -6.199959 4.494008 21.454560 -0.003109 -0.000017 7.643716 -0.478377 0.303112 5.272284 -0.972413 0.595025 4.954137 -0.968683 0.600878 7.904873 -5.387616 -5.089858 -18.320618 13.495400 -10.996858 -99.945871 -85.916922 -82.133906 0.963555 15.575949 -10.748028 -26.192510 -17.442370 1.307374 11.121402 -10.221434 25.829187 -109.614188 83.019187 72.609829 -3.383574 -12.420362 7.719699 -22.690109 16.920788 -1.252736 3.021177 9.278995 -9.023633 
302.336609 91.989067 -503.901306 90.869076 7.171357 84.529998 -174.875205 -2.244901 176.185440 -10.074993 -1.564620 -7.552897 72.173919 3.876091 -5.114367 21.454550 0.003091 -0.000002 -173.500055 5.694302 -172.817487 -12.797106 3.425458 10.253092 77.898294 -6.219487 4.454675 21.454558 -0.003119 -0.000020 7.645201 -0.480261 0.304551 5.275197 -0.975704 0.594935 4.957075 -0.971951 0.600815 7.906755 -5.390124 -5.085982 -18.316940 13.470412 -10.983000 -100.213417 -85.943485 -81.863089 0.951400 15.621811 -10.675535 -26.157517 -17.467784 1.307585 10.550510 -11.367981 25.332816 -109.849618 83.001367 72.374631 -3.390445 -12.461981 7.687852 -22.687932 16.930502 -1.253888 3.040167 9.179376 -8.824063 
302.341095 91.986778 -503.912811 90.872716 7.192561 84.522785 -174.843636 -2.227292 176.168351 -10.051583 -1.562774 -7.565598 72.148074 3.904906 -5.048011 21.454553 0.003098 0.000001 -173.478868 5.706698 -172.836339 -12.783620 3.428671 10.252790 77.906360 -6.202675 4.521331 21.454558 -0.003106 -0.000018 7.653593 -0.482248 0.306972 5.291981 -0.984497 0.591573 4.973861 -0.980765 0.597511 7.880595 -5.425140 -5.070978 -18.332066 13.512462 -10.990328 -100.453429 -85.935671 -81.622885 0.965552 15.685618 -10.953405 -26.250193 -17.410774 1.308091 9.566560 -12.670581 24.978357 -109.934914 82.985412 72.289944 -3.405239 -12.528412 7.694620 -22.687954 16.931551 -1.255248 3.063209 9.191356 -8.831397 
302.335602 91.985168 -503.929413 90.858359 7.194629 84.485629 -174.855684 -2.247099 176.138312 -10.056734 -1.560482 -7.547439 72.156297 3.883007 -5.077945 21.454551 0.003089 0.000001 -173.494660 5.687694 -172.813130 -12.783021 3.412620 10.218626 77.903662 -6.191067 4.470619 21.454557 -0.003107 -0.000018 7.657291 -0.484565 0.313374 5.299291 -0.988760 0.604252 4.981168 -0.984956 0.610218 7.890464 -5.407237 -5.073950 -18.365931 13.445942 -10.970646 -100.710566 -85.921335 -81.365981 1.032661 15.769710 -11.317366 -26.364465 -17.273526 1.308920 7.678893 -14.660677 24.410859 -110.212192 82.972059 72.012146 -3.390199 -12.543559 7.630749 -22.695312 16.950921 -1.256876 3.135146 9.111342 -8.921223 
302.333588 91.987137 -503.941986 90.841031 7.204276 84.454169 -174.841436 -2.251104 176.175126 -10.043730 -1.557995 -7.590799 72.137692 3.922441 -5.050057 21.454557 0.003084 0.000001 -173.487474 5.681001 -172.770359 -12.772930 3.412643 10.176192 77.899414 -6.157191 4.485082 21.454558 -0.003111 -0.000017 7.663825 -0.487659 0.318798 5.312345 -0.989390 0.615060 4.994216 -0.985505 0.621010 7.869891 -5.403087 -5.062164 -18.356067 13.452758 -10.959940 -100.965106 -85.857117 -81.115572 1.057208 15.834802 -11.105996 -26.439891 -17.291800 1.311362 5.041520 -17.486833 24.107627 -110.325771 82.964163 71.898458 -3.366739 -12.567631 7.625744 -22.736231 16.974919 -1.258809 3.270660 8.917734 -8.901197 
302.337189 91.988586 -503.954407 90.842465 7.198402 84.447475 -174.861080 -2.245614 176.147095 -10.056222 -1.550400 -7.581208 72.145963 3.907844 -5.074857 21.454555 0.003092 0.000000 -173.500356 5.681186 -172.842909 -12.758516 3.421592 10.214562 77.877844 -6.187773 4.470914 21.454560 -0.003115 -0.000018 7.664849 -0.493784 0.322782 5.314302 -1.001843 0.622706 4.996188 -0.997921 0.628739 7.883014 -5.340708 -5.052908 -18.374163 13.452847 -10.945667 -101.349414 -85.822235 -80.732522 1.122315 15.847072 -10.667175 -26.683908 -17.424432 1.323945 1.859885 -19.701629 24.979711 -110.469089 82.934834 71.756772 -3.364324 -12.598534 7.575995 -22.781089 17.013680 -1.261892 3.399328 8.661622 -8.847548 
302.336395 91.989632 -503.960907 90.843463 7.207168 84.462174 -174.861982 -2.242606 176.130512 -10.063593 -1.531748 -7.562916 72.132064 3.896680 -5.066141 21.454550 0.003090 -0.000000 -173.483089 5.670502 -172.802311 -12.736030 3.408585 10.202542 77.863508 -6.194728 4.407625 21.454560 -0.003109 -0.000017 7.667955 -0.500492 0.322248 5.317691 -1.015212 0.621343 4.999569 -1.011295 0.627450 7.894279 -5.292851 -5.034415 -18.356043 13.425098 -10.907673 -101.698300 -85.746926 -80.388096 1.119884 15.789741 -10.407998 -27.149230 -17.576119 1.341660 -1.313073 -21.217954 27.342251 -110.587429 82.923018 71.638562 -3.360272 -12.657349 7.540666 -22.916152 17.093785 -1.268893 3.529162 8.430055 -9.000897 
302.332001 91.994049 -503.966492 90.844364 7.212889 84.475711 -174.856026 -2.256705 176.113231 -10.052810 -1.542940 -7.549750 72.146940 3.877152 -5.100749 21.454551 0.003092 -0.000000 -173.461096 5.661701 -172.809674 -12.706046 3.402974 10.216022 77.857354 -6.194577 4.444322 21.454555 -0.003106 -0.000017 7.671877 -0.504443 0.331431 5.317710 -1.023537 0.639504 4.999579 -1.019524 0.645682 7.902591 -5.281485 -5.041446 -18.356357 13.391102 -10.900576 -102.001963 -85.726483 -80.084876 1.046655 15.676971 -9.847427 -27.652888 -17.833288 1.366949 -3.702471 -21.893398 29.326647 -110.644891 82.853671 71.586052 -3.409361 -12.720649 7.584586 -23.138258 17.181162 -1.277615 3.650378 8.155281 -9.154050 
302.329895 91.991524 -503.971405 90.846147 7.244319 84.518537 -174.834715 -2.252808 176.171247 -10.053141 -1.542517 -7.553287 72.133040 3.879764 -5.098813 21.454553 0.003102 0.000000 -173.419773 5.658291 -172.742369 -12.698076 3.413106 10.199591 77.858583 -6.187042 4.429177 21.454560 -0.003119 -0.000020 7.674990 -0.507109 0.329538 5.327313 -1.028804 0.635528 5.009185 -1.024817 0.641733 7.944301 -5.327250 -5.036402 -18.396300 13.380837 -10.900342 -102.506871 -85.708007 -79.579381 0.873513 15.579101 -9.366423 -28.207080 -18.107038 1.394428 -5.128780 -21.976820 30.693436 -111.394880 82.827197 70.833822 -3.424360 -12.765139 7.455408 -23.548496 17.283568 -1.290144 3.827895 7.992657 -8.938806 
302.326294 91.991524 -503.981903 90.850013 7.268680 84.571450 -174.834620 -2.247699 176.217651 -10.063800 -1.537362 -7.549008 72.111143 3.886318 -5.066348 21.454550 0.003077 -0.000001 -173.398914 5.657423 -172.707931 -12.715250 3.416306 10.206647 77.859020 -6.178204 4.483659 21.454558 -0.003110 -0.000018 7.676203 -0.509301 0.344090 5.339447 -1.033897 0.664479 5.021333 -1.029728 0.670723 7.873021 -5.296388 -5.055772 -18.329132 13.275373 -10.870419 -103.829066 -85.756187 -78.247856 0.521685 15.537741 -8.980744 -28.837731 -18.277144 1.416978 -5.224123 -21.978359 30.657693 -111.887323 82.635474 70.352779 -3.465647 -12.895670 6.498001 -24.340188 17.486918 -1.315021 4.210449 8.099100 -8.605430 
302.321411 91.988823 -503.999512 90.864322 7.285594 84.640893 -174.835986 -2.246194 176.240068 -10.056856 -1.534059 -7.519213 72.097428 3.865003 -5.065197 21.454550 0.003084 0.000000 -173.390909 5.658093 -172.754417 -12.727365 3.426309 10.277808 77.849588 -6.221670 4.509733 21.454557 -0.003104 -0.000015 7.676619 -0.520970 0.347831 5.341273 -1.057369 0.671435 5.023123 -1.053170 0.677803 7.925503 -5.258914 -5.047273 -18.437602 13.313298 -10.885197 -106.831740 -85.724789 -75.235715 -0.046135 15.715400 -9.099101 -29.712767 -18.586704 1.453519 -3.980462 -21.487534 28.968683 -113.973003 82.541566 68.260801 -3.261791 -13.213569 4.955386 -25.719207 17.863511 -1.361002 4.268959 8.255100 -8.609155 
302.316803 91.992996 -504.030487 90.869356 7.282393 84.697262 -174.860479 -2.256500 176.222446 -10.063286 -1.536652 -7.483069 72.071596 3.846561 -5.038298 21.454555 0.003088 -0.000000 -173.406755 5.660912 -172.680119 -12.736532 3.421318 10.263548 77.835770 -6.221623 4.468905 21.454558 -0.003108 -0.000017 7.678022 -0.527399 0.335506 5.340407 -1.069674 0.646509 5.022260 -1.065611 0.652960 7.904907 -5.177630 -5.009928 -18.423144 13.213955 -10.798480 -113.247801 -85.715773 -68.798740 -0.389242 16.219508 -9.358669 -31.150604 -18.828040 1.497785 -1.031693 -20.593666 25.397649 -118.180550 82.182769 64.049191 -3.643986 -13.793910 4.683092 -27.187689 18.374630 -1.418655 4.119609 8.426958 -9.161534 
302.313507 91.993637 -504.061310 90.869841 7.288968 84.675972 -174.859536 -2.269202 176.205302 -10.021727 -1.553051 -7.484876 72.039159 3.841534 -5.055416 21.454553 0.003097 0.000001 -173.429991 5.668696 -172.682810 -12.748226 3.428593 10.256781 77.827595 -6.217232 4.467417 21.454558 -0.003108 -0.000016 7.681953 -0.531174 0.299073 5.348587 -1.075556 0.573451 5.030452 -1.071929 0.579922 7.758474 -5.180722 -4.933970 -18.180340 12.980979 -10.603228 -119.522928 -85.488765 -62.513948 -0.788580 17.228372 -8.827268 -32.568681 -19.245202 1.554493 2.477988 -18.908568 20.984739 -123.807629 81.927026 58.393241 -4.191025 -14.690992 4.339746 -28.542708 18.467691 -1.449345 4.692637 9.345824 -7.673001 
302.320496 91.997513 -504.093811 90.855552 7.331137 84.582652 -174.804745 -2.262213 176.140006 -9.984993 -1.542190 -7.508460 72.005733 3.853085 -5.068945 21.454551 0.003092 -0.000001 -173.443638 5.677897 -172.778788 -12.777270 3.449261 10.257595 77.806496 -6.233346 4.405925 21.454562 -0.003112 -0.000019 7.698394 -0.533031 0.305378 5.381408 -1.079642 0.585788 5.063267 -1.075953 0.592316 7.593031 -5.084326 -4.969166 -17.939816 12.659389 -10.481630 -128.312016 -85.189077 -53.699159 -1.498754 18.734341 -8.890196 -33.690301 -19.638066 1.604513 4.812696 -16.802691 18.983618 -129.584958 81.629401 52.579667 -4.621005 -16.036618 3.163274 -29.631266 18.755882 -1.488606 5.066065 9.558745 -6.507256 
302.330414 91.996689 -504.130188 90.840307 7.382821 84.473314 -174.768681 -2.250402 176.121714 -9.993637 -1.534428 -7.551502 71.993588 3.877574 -5.087716 21.454553 0.003095 0.000001 -173.452463 5.702898 -172.760414 -12.820925 3.455320 10.172590 77.816441 -6.170783 4.416812 21.454558 -0.003110 -0.000018 7.732957 -0.539496 0.318348 5.450394 -1.093349 0.611097 5.132244 -1.089501 0.617700 7.140538 -5.011080 -4.983776 -17.479627 12.589998 -10.418014 -137.813765 -84.708792 -44.162412 -2.182383 20.538691 -9.107441 -34.749851 -19.707116 1.633236 6.298407 -14.387522 19.182704 -135.168255 81.037107 46.968257 -5.273837 -17.805777 1.731394 -30.685018 19.130356 -1.533603 4.989279 9.394164 -7.420605 
302.341187 91.994377 -504.162292 90.839604 7.448852 84.377036 -174.712646 -2.224302 176.112371 -9.999095 -1.532376 -7.596465 71.985932 3.904543 -5.104743 21.454550 0.003091 -0.000002 -173.432150 5.733598 -172.835219 -12.830147 3.473178 10.162502 77.809740 -6.175127 4.370830 21.454557 -0.003097 -0.000018 7.771425 -0.547488 0.314948 5.527358 -1.109335 0.603587 5.209206 -1.105539 0.610271 6.688208 -4.926677 -4.973304 -17.141505 12.396959 -10.297802 -143.941947 -84.025547 -38.015884 -3.068451 22.725795 -8.324864 -35.275475 -19.669814 1.643145 7.065071 -11.933818 20.695813 -140.877337 80.318216 41.222036 -5.952483 -19.665969 -0.136195 -31.541288 19.157499 -1.553135 4.572349 8.818234 -9.401126 
302.355499 91.990723 -504.200409 90.841017 7.484807 84.273558 -174.692811 -2.199602 176.094680 -10.006164 -1.535425 -7.644692 71.988158 3.932586 -5.127064 21.454551 0.003094 0.000000 -173.470631 5.767704 -172.894532 -12.882750 3.482675 10.132943 77.795698 -6.161909 4.339674 21.454560 -0.003113 -0.000018 7.809821 -0.556596 0.317946 5.604069 -1.127897 0.608743 5.285919 -1.124076 0.615557 6.217566 -4.819598 -4.972195 -16.875984 12.264450 -10.217312 -149.783207 -83.293754 -32.146193 -3.885126 25.085902 -6.872832 -35.340741 -19.416372 1.628322 7.464913 -9.375747 23.150431 -146.149615 79.532096 35.905932 -6.514919 -21.805912 -2.577538 -32.298629 19.055174 -1.562740 4.261324 7.766910 -11.375382 
302.368713 91.991547 -504.230408 90.843818 7.511758 84.207428 -174.670436 -2.176892 176.032567 -9.995533 -1.532667 -7.645267 71.966507 3.944980 -5.087034 21.454551 0.003086 0.000000 -173.486231 5.800203 -172.928041 -12.903163 3.497184 10.113903 77.794332 -6.149059 4.336878 21.454557 -0.003106 -0.000018 7.851333 -0.561167 0.324001 5.687011 -1.137538 0.620208 5.368858 -1.133641 0.627073 5.687161 -4.695055 -5.018227 -16.534450 12.050311 -10.146028 -153.964936 -82.452541 -27.942662 -4.905941 27.707520 -4.825155 -34.962413 -19.230633 1.607421 7.750392 -6.455996 26.295026 -150.606914 78.604453 31.407512 -6.985916 -24.139256 -5.658787 -32.902449 19.123391 -1.580299 4.024157 5.928121 -13.028283 
302.381805 91.991447 -504.246704 90.851857 7.527674 84.178195 -174.648661 -2.153593 175.949006 -9.966583 -1.513245 -7.620834 71.953393 3.925728 -5.090976 21.454555 0.003094 0.000000 -173.489933 5.823207 -172.969828 -12.911257 3.501378 10.117475 77.793765 -6.142870 4.370799 21.454557 -0.003103 -0.000015 7.889810 -0.564540 0.343874 5.763755 -1.145447 0.659377 5.445613 -1.141321 0.666287 5.237805 -4.516790 -5.104069 -16.370712 11.939720 -10.165960 -157.401764 -81.514667 -24.483665 -6.136433 30.268277 -2.221767 -34.237614 -18.666043 1.554315 8.371277 -3.647885 28.411227 -152.677404 77.506186 29.330325 -7.822256 -26.838801 -8.578894 -33.382655 19.012059 -1.583814 4.274060 3.774780 -14.603783 
302.384186 91.991402 -504.247986 90.866501 7.554550 84.243949 -174.611559 -2.148408 175.999003 -9.923627 -1.535373 -7.626515 71.931891 3.942110 -5.051494 21.454550 0.003089 -0.000000 -173.437054 5.827303 -172.947534 -12.873457 3.501961 10.145050 77.781074 -6.167022 4.351484 21.454557 -0.003107 -0.000015 7.928986 -0.572594 0.331961 5.842207 -1.161175 0.634778 5.524063 -1.157170 0.641769 4.857743 -4.360596 -5.183818 -16.173145 11.817773 -10.170947 -159.479098 -80.367544 -22.396769 -7.499149 32.464538 1.994428 -33.102638 -17.992381 1.485633 9.127252 -1.155081 29.037856 -155.649588 76.493447 26.323725 -8.277927 -29.731520 -11.165406 -33.692261 18.505462 -1.558228 4.764436 1.641158 -15.236960 
302.391907 91.993362 -504.252289 90.899525 7.556167 84.320407 -174.600372 -2.119404 175.950891 -9.885381 -1.530111 -7.568398 71.902788 3.918904 -4.989791 21.454553 0.003080 -0.000001 -173.431480 5.854092 -172.923615 -12.885799 3.501007 10.173371 77.790131 -6.184730 4.360204 21.454557 -0.003107 -0.000017 7.969244 -0.583915 0.371317 5.922267 -1.186038 0.712444 5.604123 -1.181567 0.719589 4.417168 -4.016346 -5.384714 -15.998374 11.490634 -10.205713 -160.186104 -79.240638 -21.695217 -10.097965 35.408869 4.217367 -30.880187 -17.667287 1.417979 9.333908 1.403680 30.060513 -156.421796 75.379559 25.558182 -8.984577 -32.868291 -13.928599 -33.487403 18.179100 -1.532662 5.065455 -1.099409 -15.437257 
302.395599 91.990273 -504.243408 90.931968 7.587647 84.458718 -174.591916 -2.104295 176.039178 -9.877246 -1.541367 -7.524233 71.898744 3.885297 -4.996809 21.454553 0.003088 0.000000 -173.354067 5.877696 -172.772791 -12.863944 3.500178 10.163640 77.805000 -6.172918 4.379440 21.454558 -0.003111 -0.000019 8.006470 -0.598934 0.392184 5.996412 -1.217332 0.752998 5.678283 -1.212626 0.760331 4.234768 -3.725985 -5.595899 -15.918517 11.572804 -10.407412 -162.417800 -77.917992 -19.440440 -12.688353 38.463920 3.684038 -28.075938 -16.573657 1.294330 8.863358 1.539033 29.769233 -157.545321 74.120612 24.432864 -10.051115 -35.897080 -16.141166 -32.287237 17.599601 -1.469209 5.245855 -3.739942 -14.982063 
302.401398 91.986259 -504.235687 90.986897 7.632619 84.635640 -174.573092 -2.066189 176.195480 -9.875024 -1.566112 -7.506427 71.908833 3.883423 -4.965814 21.454553 0.003100 -0.000001 -173.285369 5.918511 -172.670188 -12.886461 3.500130 10.198252 77.849116 -6.187030 4.424062 21.454558 -0.003111 -0.000018 8.053014 -0.622892 0.404902 6.089234 -1.266177 0.776620 5.771088 -1.261322 0.784269 3.987126 -3.509303 -5.804422 -15.706191 11.669673 -10.605764 -164.375578 -76.743889 -17.454601 -14.999517 42.025990 1.561755 -25.670190 -15.475494 1.183102 7.033189 -0.913347 27.642704 -159.240492 73.156469 22.711557 -10.834107 -39.309675 -17.818321 -30.664551 16.905080 -1.391019 5.460782 -5.532157 -14.128068 
302.392487 91.980469 -504.219788 91.051018 7.683887 84.903158 -174.559472 -2.049595 176.327877 -9.882451 -1.600707 -7.427199 71.884681 3.846878 -4.901183 21.454553 0.003085 -0.000002 -173.183230 5.938296 -172.517137 -12.907308 3.476280 10.263710 77.889394 -6.208988 4.520531 21.454557 -0.003108 -0.000018 8.107186 -0.660285 0.419597 6.197233 -1.342054 0.803434 5.879084 -1.337034 0.811534 3.762611 -3.289484 -6.145807 -15.659730 11.945155 -11.022113 -166.537388 -75.568516 -15.252711 -16.677078 45.585239 -0.160555 -24.826891 -15.297474 1.158364 5.386580 -3.988318 22.460655 -160.576996 72.208507 21.353318 -11.455843 -42.952946 -18.853284 -29.177062 16.388062 -1.328833 5.804237 -7.257128 -14.056490 
302.369507 91.974953 -504.235107 91.122899 7.677946 85.239251 -174.659343 -2.061214 176.543192 -9.951346 -1.659244 -7.350245 71.894838 3.807780 -4.854563 21.454550 0.003086 0.000001 -173.165704 5.919599 -172.331396 -12.962524 3.426786 10.358748 77.943906 -6.273452 4.531710 21.454560 -0.003122 -0.000019 8.157729 -0.700535 0.425379 6.298023 -1.423153 0.812225 5.979859 -1.418077 0.820807 3.546310 -3.444939 -6.585172 -15.717426 12.612366 -11.744252 -168.143097 -74.273034 -13.612616 -17.848411 48.370163 -0.500128 -25.932755 -15.398132 1.182446 4.858073 -5.498578 16.551655 -161.510109 71.393959 20.404444 -12.055850 -46.797451 -19.007843 -27.739449 15.911790 -1.271913 6.166268 -8.293118 -13.918497 
302.334290 91.971100 -504.242401 91.218051 7.663010 85.672456 -174.758491 -2.071596 176.733453 -9.978461 -1.709105 -7.208138 71.873398 3.715441 -4.824713 21.454551 0.003095 0.000002 -173.129053 5.916897 -172.073215 -13.020414 3.397750 10.459615 78.022111 -6.329641 4.594614 21.454562 -0.003114 -0.000017 8.194352 -0.742088 0.433016 6.370996 -1.506829 0.824718 6.052805 -1.501695 0.833824 3.545654 -3.606402 -7.067373 -15.850567 13.018555 -12.425848 -169.144403 -73.486190 -12.586474 -19.289224 50.780725 0.992845 -27.343438 -15.811137 1.232674 4.471127 -5.534393 12.625973 -162.666692 70.724785 19.221180 -12.159241 -50.333051 -19.047256 -26.525111 15.522428 -1.225907 6.299583 -9.443225 -13.763118 
302.276215 91.969803 -504.254395 91.285888 7.621041 86.096556 -174.869590 -2.117701 176.844348 -9.985181 -1.740532 -7.022363 71.817533 3.604884 -4.748283 21.454550 0.003093 -0.000001 -173.073797 5.846412 -171.895685 -12.960172 3.352194 10.624668 78.022330 -6.440404 4.614066 21.454557 -0.003107 -0.000016 8.218410 -0.768122 0.449343 6.418719 -1.559930 0.855620 6.100530 -1.554592 0.865031 3.554683 -3.994941 -7.452112 -15.805568 13.519962 -13.049258 -169.628991 -73.257884 -12.089081 -21.154370 53.428205 1.406765 -28.963766 -16.681381 1.317565 3.889566 -3.686892 12.882351 -162.511196 70.368065 19.385349 -12.175868 -54.201543 -18.025834 -25.869796 15.623395 -1.221368 6.671745 -10.679306 -13.708920 
302.217285 91.979538 -504.259888 91.316747 7.511093 86.496395 -175.024376 -2.183589 177.028968 -9.940862 -1.756919 -6.899155 71.745038 3.535146 -4.682594 21.454555 0.003097 0.000000 -173.029032 5.749409 -171.707773 -12.802188 3.342248 10.755840 78.004647 -6.524956 4.644049 21.454557 -0.003113 -0.000018 8.214359 -0.772369 0.437642 6.410774 -1.567735 0.832064 6.092577 -1.562541 0.841520 3.684898 -4.398641 -7.660657 -15.808584 13.832343 -13.430045 -169.537986 -73.370227 -12.182534 -22.960721 55.902602 1.577767 -30.960284 -17.050613 1.380107 4.266888 -1.522822 14.125652 -162.835917 70.067120 19.053721 -11.845116 -57.266632 -17.363603 -25.530434 15.599153 -1.214273 6.817194 -11.397359 -12.920180 
302.158997 91.988876 -504.259399 91.306379 7.372287 86.696704 -175.153248 -2.271894 177.110685 -9.874831 -1.778930 -6.826545 71.699843 3.476775 -4.698747 21.454553 0.003093 -0.000001 -173.018937 5.652208 -171.537250 -12.593476 3.338093 10.782485 77.954226 -6.546547 4.629728 21.454557 -0.003114 -0.000018 8.200258 -0.774344 0.417393 6.382860 -1.554867 0.792111 6.064673 -1.549910 0.801486 3.712878 -4.739726 -7.705459 -15.787605 13.992611 -13.578097 -169.389784 -73.449013 -12.334639 -24.396727 57.863710 1.985894 -33.120240 -17.927312 1.481848 5.331181 2.912833 16.659513 -162.723110 69.797129 19.172877 -11.844989 -59.481679 -17.646750 -25.378044 15.688774 -1.217497 6.700175 -11.861246 -11.816038 
302.110107 91.998016 -504.247711 91.282733 7.236501 86.720904 -175.257955 -2.348900 177.156310 -9.826924 -1.808789 -6.821718 71.685677 3.470944 -4.706115 21.454553 0.003094 0.000001 -173.053265 5.575005 -171.545815 -12.413036 3.354855 10.809612 77.899680 -6.580720 4.567861 21.454557 -0.003104 -0.000018 8.185688 -0.775342 0.390847 6.354077 -1.558633 0.739113 6.035899 -1.554008 0.748519 3.698729 -4.940134 -7.729839 -15.902017 14.169236 -13.712364 -168.532609 -73.496565 -13.214231 -25.698621 59.439175 2.156228 -35.149687 -18.730137 1.579501 6.860697 7.100791 19.880756 -162.245816 69.606540 19.667603 -11.759888 -61.290778 -18.322956 -25.831828 16.086844 -1.250197 6.846285 -11.634614 -11.724751 
302.085999 92.003616 -504.247406 91.245365 7.096585 86.568953 -175.380038 -2.383495 177.082080 -9.843780 -1.790034 -6.872894 71.705546 3.496676 -4.741768 21.454550 0.003091 -0.000002 -173.177712 5.547697 -171.559271 -12.344998 3.370512 10.731984 77.879873 -6.532862 4.539588 21.454555 -0.003106 -0.000016 8.172951 -0.775737 0.363962 6.328954 -1.561541 0.685420 6.010762 -1.557228 0.694838 3.706692 -5.077368 -7.781344 -16.122183 14.347866 -13.882150 -167.193400 -73.454853 -14.588524 -26.945358 60.477466 2.411934 -36.605914 -18.722465 1.613833 8.050349 8.671648 22.680316 -161.683405 69.455114 20.249897 -11.549043 -62.529241 -19.284590 -26.781320 16.374552 -1.284526 7.012657 -10.228131 -11.756294 
302.092804 92.006630 -504.201904 91.197430 7.048110 86.191373 -175.315957 -2.383686 176.883677 -9.802433 -1.769873 -6.973014 71.753193 3.541020 -4.832433 21.454550 0.003095 -0.000002 -173.226561 5.563205 -171.767387 -12.261679 3.400295 10.630327 77.840907 -6.479224 4.466496 21.454555 -0.003105 -0.000018 8.185393 -0.775938 0.357310 6.353942 -1.571994 0.671687 6.035742 -1.567791 0.681169 3.585597 -5.213373 -7.878184 -16.181599 14.555912 -14.089072 -166.214115 -73.441206 -15.593498 -28.056073 61.208310 3.174695 -37.318443 -18.499593 1.616942 8.509466 8.224756 24.548885 -161.375309 69.333291 20.569548 -11.413617 -63.030208 -21.065864 -27.907670 16.581497 -1.317600 7.501949 -6.961228 -11.248673 
302.122192 92.012947 -504.158295 91.140139 6.988832 85.759951 -175.287817 -2.342291 176.706611 -9.817033 -1.702521 -7.128600 71.812472 3.630776 -4.904797 21.454551 0.003104 0.000002 -173.323044 5.608405 -171.920629 -12.242026 3.435751 10.467577 77.820505 -6.383118 4.392765 21.454558 -0.003124 -0.000017 8.192684 -0.776286 0.344100 6.368678 -1.570884 0.645215 6.050485 -1.566789 0.654689 3.574649 -5.347415 -8.002819 -16.245007 14.835396 -14.347313 -166.433911 -73.514993 -15.367596 -28.791546 61.684395 4.990194 -37.124213 -18.581979 1.617474 8.345423 6.845949 24.851117 -161.186604 69.302316 20.764771 -11.559163 -62.914676 -23.130123 -28.863102 16.614215 -1.337326 7.723791 -3.235328 -13.583933 
302.154785 92.002083 -504.104797 91.053143 6.978048 85.241376 -175.203149 -2.324605 176.436859 -9.864245 -1.645626 -7.280130 71.927363 3.717964 -4.982159 21.454550 0.003083 -0.000001 -173.391783 5.669298 -172.072833 -12.264025 3.506804 10.243464 77.843803 -6.244416 4.322924 21.454558 -0.003103 -0.000018 8.208889 -0.777215 0.330796 6.401283 -1.568489 0.618383 6.083087 -1.564582 0.627846 3.668992 -5.355915 -8.155085 -16.396209 14.939504 -14.563355 -167.307219 -73.658611 -14.471144 -29.167288 62.198510 6.130094 -36.330890 -18.685273 1.604744 7.651764 5.589405 25.808191 -160.676621 69.345285 21.290726 -12.048783 -62.433318 -24.962525 -29.631338 16.590755 -1.350507 6.953296 -1.711577 -14.935006 
302.178589 91.997337 -504.045410 90.962246 6.943177 84.701367 -175.163903 -2.329801 176.097658 -9.971422 -1.601654 -7.388901 72.054548 3.778811 -5.046834 21.454551 0.003097 0.000001 -173.495916 5.704406 -172.220010 -12.288976 3.544013 10.005096 77.833462 -6.106770 4.205344 21.454558 -0.003108 -0.000016 8.213764 -0.779101 0.305126 6.411383 -1.573882 0.566805 6.093175 -1.570291 0.576305 3.852473 -5.415871 -8.297504 -16.548341 15.116090 -14.800433 -167.864890 -73.680536 -13.898985 -29.337776 62.449273 6.678005 -35.253062 -18.378820 1.559256 7.245632 4.838237 26.649819 -160.397526 69.419755 21.577790 -12.374019 -61.817262 -26.063414 -30.526035 16.628755 -1.370560 6.260027 -1.861865 -14.968037 
302.189911 91.994232 -503.978485 90.853749 6.899289 84.162991 -175.098579 -2.365793 175.752037 -10.044986 -1.581157 -7.501583 72.178434 3.851243 -5.085715 21.454551 0.003092 -0.000000 -173.578985 5.702496 -172.421514 -12.279890 3.577146 9.801094 77.840053 -5.982508 4.131959 21.454560 -0.003107 -0.000019 8.211654 -0.783121 0.276594 6.407569 -1.580323 0.509615 6.089355 -1.577082 0.519147 4.110379 -5.512508 -8.520892 -16.641923 15.285685 -15.111580 -168.344301 -73.701709 -13.407221 -29.327893 62.499981 7.066284 -33.957720 -18.075145 1.509930 7.359334 5.163449 27.018524 -160.076084 69.495672 21.908441 -12.580292 -61.236689 -26.344957 -31.586681 16.631118 -1.392367 6.258582 -2.558802 -14.517451 
302.217590 91.988701 -503.903412 90.797010 6.829768 83.678300 -175.063759 -2.329886 175.442425 -10.091420 -1.510760 -7.612855 72.298877 3.898469 -5.199288 21.454550 0.003096 -0.000001 -173.672846 5.752308 -172.711824 -12.246680 3.629487 9.679336 77.813449 -5.904864 4.100626 21.454560 -0.003110 -0.000018 8.202294 -0.796445 0.242321 6.389283 -1.605032 0.440504 6.071054 -1.602207 0.450205 4.373254 -5.602633 -8.789743 -16.724780 15.393416 -15.444166 -168.993387 -73.759937 -12.741377 -29.129019 62.483711 7.098283 -32.280297 -17.625571 1.444352 7.299839 5.278426 26.605141 -159.684686 69.586029 22.310977 -12.749519 -60.762039 -26.525332 -32.477669 16.819245 -1.423247 6.365899 -2.999333 -13.514450 
302.229614 91.996773 -503.810486 90.724228 6.744744 83.277601 -175.029881 -2.330595 175.296737 -10.092946 -1.464465 -7.755660 72.382718 3.969281 -5.307597 21.454553 0.003081 0.000001 -173.720589 5.763001 -172.916184 -12.159762 3.690657 9.567744 77.791128 -5.845769 4.027227 21.454558 -0.003109 -0.000016 8.190794 -0.806727 0.195228 6.366938 -1.622952 0.345995 6.048703 -1.620695 0.355789 4.621826 -5.693654 -9.102725 -16.817155 15.547051 -15.841072 -169.839593 -73.862786 -11.873585 -28.477176 62.508211 7.012214 -30.563556 -17.221426 1.383066 6.905913 4.553269 25.518676 -159.456408 69.648409 22.545573 -12.865226 -60.321499 -26.409568 -33.170278 16.970351 -1.447987 6.317034 -2.695002 -12.813507 
302.237396 91.994713 -503.715210 90.660188 6.620470 82.899249 -175.022177 -2.343590 175.059114 -10.087840 -1.431204 -7.836563 72.473170 4.006746 -5.381601 21.454548 0.003085 -0.000001 -173.830131 5.761311 -173.172165 -12.119779 3.734667 9.493682 77.782959 -5.805130 3.985017 21.454557 -0.003103 -0.000017 8.177946 -0.816173 0.151360 6.341837 -1.639411 0.257968 6.023600 -1.637694 0.267862 4.757430 -5.902524 -9.445925 -16.910432 15.771238 -16.315063 -170.160216 -73.914224 -11.544840 -27.408472 62.519754 7.092722 -29.286799 -16.847971 1.334301 6.522190 2.578676 23.951102 -159.046023 69.710270 22.967964 -13.147829 -60.001900 -26.005841 -33.585857 17.101243 -1.465598 6.131463 -1.912613 -12.607922 
302.240601 91.996613 -503.634888 90.610205 6.427373 82.506015 -175.102363 -2.369591 174.750895 -10.121849 -1.419571 -7.897918 72.552243 4.043275 -5.412831 21.454550 0.003089 -0.000001 -174.066278 5.767693 -173.373301 -12.167938 3.771294 9.378512 77.778745 -5.746519 3.898836 21.454555 -0.003109 -0.000017 8.154217 -0.827592 0.123983 6.294763 -1.660740 0.202966 5.976529 -1.659338 0.213001 4.883448 -6.172488 -9.766415 -17.069696 16.078660 -16.816219 -169.932511 -73.887204 -11.778281 -25.941390 62.424364 7.458035 -28.718152 -16.603358 1.307996 6.574386 0.245032 22.153915 -158.687807 69.718876 23.337360 -13.442006 -59.732340 -25.510951 -33.789513 17.253966 -1.479966 6.031761 -0.953902 -12.506426 
302.233490 92.005913 -503.534485 90.556055 6.233395 82.184142 -175.205786 -2.421802 174.499599 -10.174257 -1.413151 -7.926506 72.629267 4.041548 -5.492409 21.454550 0.003082 -0.000001 -174.256581 5.744703 -173.602604 -12.178150 3.803498 9.318892 77.782010 -5.705875 3.895798 21.454560 -0.003108 -0.000017 8.125091 -0.838289 0.119326 6.236554 -1.681839 0.193495 5.918325 -1.680478 0.203649 5.167953 -6.410705 -10.147217 -17.353842 16.412813 -17.401507 -169.776906 -73.895584 -11.937858 -24.163340 62.243111 8.144838 -28.715321 -16.486986 1.300513 6.850206 -2.010294 21.059048 -158.654994 69.766209 23.370431 -13.346410 -59.525187 -24.952078 -33.974829 17.265373 -1.484871 6.047502 -0.015472 -12.376891 
302.217712 92.007988 -503.420990 90.531808 6.052173 81.904876 -175.300493 -2.436501 174.267796 -10.234854 -1.385555 -7.970924 72.675316 4.054555 -5.555713 21.454553 0.003088 0.000000 -174.403334 5.728498 -173.722569 -12.149909 3.790529 9.229677 77.748740 -5.644138 3.887067 21.454558 -0.003100 -0.000018 8.102798 -0.855039 0.133766 6.191759 -1.716038 0.221801 5.873508 -1.714534 0.232173 5.362930 -6.802681 -10.523593 -17.554754 16.884012 -18.042797 -168.961791 -73.975894 -12.773684 -22.632756 61.977512 9.033815 -29.039167 -16.529157 1.309266 7.279319 -3.471412 20.149070 -158.707505 69.887131 23.314226 -13.099461 -59.433574 -24.465481 -34.046365 17.249679 -1.486041 6.131089 0.650618 -11.927877 
302.217407 92.019539 -503.305511 90.527095 5.886038 81.696992 -175.435034 -2.388403 174.192801 -10.368557 -1.293073 -8.066108 72.714631 4.102131 -5.622409 21.454551 0.003094 -0.000000 -174.533846 5.738692 -173.802728 -12.147765 3.791896 9.159542 77.741725 -5.598975 3.867822 21.454558 -0.003110 -0.000017 8.084493 -0.869249 0.174078 6.154526 -1.746534 0.301894 5.836282 -1.744540 0.312447 5.554640 -7.312495 -10.978702 -17.646883 17.459362 -18.799225 -168.236985 -74.053041 -13.516780 -21.440160 61.515388 9.879176 -29.353271 -16.576248 1.318209 7.611104 -4.183849 19.612984 -158.815026 70.046821 23.200629 -12.710639 -59.393959 -24.283315 -33.977340 17.260137 -1.484585 6.217417 0.933552 -11.384773 
302.219910 92.018417 -503.175110 90.538372 5.797124 81.581562 -175.513882 -2.314198 174.175493 -10.534856 -1.176863 -8.142428 72.814106 4.111544 -5.776036 21.454551 0.003083 -0.000002 -174.537807 5.763104 -173.906097 -12.101417 3.800169 9.155341 77.775125 -5.585054 3.912458 21.454562 -0.003107 -0.000019 8.077466 -0.881369 0.218985 6.139755 -1.773122 0.391122 5.821515 -1.770579 0.401828 5.903522 -7.994217 -11.530887 -17.860917 18.166843 -19.741781 -167.590111 -74.127640 -14.179740 -20.613125 60.917638 10.541281 -29.531142 -16.619693 1.324390 7.883435 -4.088533 19.503559 -159.110978 70.263645 22.891833 -12.186260 -59.408002 -24.300017 -33.784202 17.240384 -1.478963 6.253417 0.968512 -11.057723 
302.215088 92.013786 -503.048798 90.548788 5.733841 81.541653 -175.618425 -2.277693 174.020079 -10.784855 -1.076459 -8.080069 72.948852 4.046447 -5.854537 21.454555 0.003084 0.000000 -174.522029 5.784605 -173.963456 -12.087665 3.826514 9.169958 77.802473 -5.595867 3.911626 21.454557 -0.003111 -0.000018 8.071631 -0.888605 0.263653 6.141984 -1.789938 0.480004 5.823741 -1.786869 0.490826 6.149996 -8.696018 -12.131042 -17.945991 18.787704 -20.681707 -166.890113 -74.182159 -14.897114 -20.225710 60.274514 10.803216 -29.642119 -16.639505 1.327793 8.248221 -3.369036 20.052438 -159.307401 70.452971 22.686337 -11.823604 -59.487963 -24.197673 -33.460356 17.274979 -1.473964 6.276502 0.589266 -11.085468 
302.200104 92.006752 -502.929504 90.535421 5.690398 81.549467 -175.708734 -2.320203 173.890114 -11.044259 -1.070491 -8.000039 73.108391 3.989374 -5.874203 21.454553 0.003086 -0.000003 -174.507153 5.749694 -174.113406 -12.124480 3.821776 9.260113 77.867244 -5.645267 3.971090 21.454557 -0.003105 -0.000016 8.070191 -0.888831 0.301897 6.123916 -1.796332 0.556497 5.805677 -1.792786 0.567339 6.641123 -9.253258 -12.722814 -18.219945 19.348683 -21.596194 -166.629814 -74.304323 -15.163402 -19.873390 59.710723 10.937962 -29.720311 -16.669816 1.329377 8.719273 -2.489411 21.034285 -159.829500 70.630153 22.145603 -11.439526 -59.573497 -24.152391 -32.992051 17.238265 -1.461290 6.388967 0.283070 -11.062293 
302.177002 91.987801 -502.793488 90.528283 5.709566 81.635077 -175.709786 -2.374101 173.909703 -11.250362 -1.118397 -7.942149 73.277787 3.946330 -5.905120 21.454551 0.003086 -0.000000 -174.398717 5.741591 -174.026007 -12.163825 3.822031 9.257396 77.942000 -5.633407 4.015809 21.454557 -0.003113 -0.000018 8.080781 -0.885993 0.316880 6.144864 -1.785870 0.586565 5.826629 -1.782141 0.597344 6.847611 -9.913874 -13.255988 -18.240029 19.922280 -22.428970 -166.206902 -74.375494 -15.596418 -19.825930 59.230765 10.821643 -29.742540 -16.692156 1.330870 9.132654 -1.790865 22.256525 -159.961992 70.789440 22.006677 -11.423879 -59.742101 -23.947314 -32.419278 17.214411 -1.447351 6.500282 0.019458 -11.076262 
302.156708 91.974861 -502.670013 90.541978 5.690027 81.755998 -175.720208 -2.404602 174.069447 -11.354063 -1.184762 -7.955093 73.367146 3.975026 -5.855767 21.454550 0.003102 -0.000002 -174.353365 5.739807 -174.072138 -12.236111 3.846077 9.357359 78.038005 -5.699281 4.044250 21.454558 -0.003116 -0.000018 8.071131 -0.882756 0.317400 6.125596 -1.781039 0.587901 5.807346 -1.777314 0.598656 7.126881 -10.325779 -13.687254 -18.343182 20.248917 -23.046283 -166.260014 -74.479156 -15.541457 -19.657515 58.856580 10.753475 -29.724843 -16.709248 1.333830 9.396301 -1.428310 23.474436 -160.304772 70.851171 21.652692 -11.376272 -59.875849 -23.723059 -31.861077 17.225261 -1.436175 6.664583 -0.148782 -10.938062 
302.130615 91.959450 -502.543610 90.558596 5.697008 81.913188 -175.656961 -2.409809 174.199986 -11.365178 -1.203300 -7.944956 73.432887 3.975703 -5.838695 21.454553 0.003079 -0.000002 -174.253712 5.734605 -173.929743 -12.289919 3.826806 9.358204 78.143866 -5.678118 4.138979 21.454562 -0.003115 -0.000018 8.064324 -0.879580 0.308513 6.112084 -1.775744 0.570344 5.793849 -1.772132 0.581078 7.383344 -10.667275 -14.050877 -18.512937 20.529981 -23.584648 -166.498879 -74.619919 -15.296142 -19.503371 58.709834 10.539154 -29.707221 -16.823208 1.340776 9.500060 -1.260726 24.542758 -160.500798 70.868274 21.450564 -11.353387 -59.988124 -23.504488 -31.481100 17.171044 -1.424761 6.842597 -0.192823 -10.669382 
302.116089 91.951759 -502.422302 90.592836 5.698018 82.104980 -175.593536 -2.394805 174.336644 -11.332942 -1.213911 -7.913570 73.480008 3.959323 -5.824802 21.454550 0.003085 -0.000002 -174.150289 5.730391 -173.853723 -12.304645 3.802656 9.435718 78.215194 -5.728691 4.161057 21.454560 -0.003100 -0.000017 8.058645 -0.876569 0.291400 6.101040 -1.766744 0.536479 5.782787 -1.763344 0.547142 7.529129 -10.946810 -14.350653 -18.599146 20.761957 -24.020515 -166.791594 -74.719203 -14.995993 -19.370717 58.675560 10.240089 -29.755542 -16.908179 1.347143 9.502347 -1.309597 25.100312 -160.449203 70.843398 21.504021 -11.336514 -60.122474 -23.339697 -31.313293 17.192795 -1.422678 6.867934 -0.292491 -10.643025 
302.099213 91.945580 -502.320709 90.625388 5.674815 82.300399 -175.554371 -2.403389 174.528737 -11.286562 -1.266897 -7.907042 73.523824 3.960302 -5.814762 21.454551 0.003081 -0.000003 -174.073996 5.721101 -173.856209 -12.309528 3.804281 9.540180 78.301815 -5.783364 4.246697 21.454557 -0.003106 -0.000017 8.052052 -0.873722 0.271563 6.088163 -1.757044 0.497144 5.769917 -1.753880 0.507754 7.611055 -11.161280 -14.591615 -18.637585 20.972526 -24.374271 -166.888323 -74.801479 -14.896663 -19.391303 58.791338 9.723627 -29.819906 -16.987649 1.353470 9.460007 -1.370149 25.140261 -160.504282 70.817239 21.447723 -11.218205 -60.259392 -23.184449 -31.363269 17.228505 -1.425991 6.850714 -0.323406 -10.631382 
302.092590 91.934097 -502.240387 90.669293 5.629486 82.470846 -175.578100 -2.406293 174.640342 -11.293134 -1.321937 -7.868468 73.588123 3.944599 -5.786295 21.454555 0.003093 0.000000 -174.068874 5.714401 -173.874568 -12.361056 3.770632 9.658623 78.375574 -5.854550 4.301411 21.454558 -0.003102 -0.000017 8.047742 -0.871671 0.259647 6.079737 -1.755749 0.473414 5.761482 -1.752730 0.484022 7.663838 -11.342947 -14.782496 -18.713690 21.220689 -24.698582 -167.136013 -74.881700 -14.642710 -19.404202 59.025901 9.194189 -30.003887 -17.135350 1.366495 9.450368 -1.350375 24.846454 -160.566491 70.817239 21.383625 -11.060597 -60.396747 -23.113997 -31.569370 17.246359 -1.431414 6.796439 -0.288959 -10.668481 
302.096191 91.927017 -502.166412 90.705718 5.577187 82.641136 -175.635118 -2.417601 174.711868 -11.349012 -1.370310 -7.797296 73.667531 3.904676 -5.762526 21.454551 0.003075 -0.000000 -174.067617 5.732402 -173.770586 -12.407709 3.767243 9.699968 78.429976 -5.873551 4.347251 21.454560 -0.003103 -0.000016 8.049999 -0.870334 0.251476 6.084358 -1.746091 0.457255 5.766114 -1.743146 0.467800 7.669965 -11.506948 -14.955896 -18.758840 21.423238 -24.981992 -167.549335 -74.876734 -14.219595 -19.415571 59.281602 8.663390 -30.301851 -17.325697 1.384531 9.443551 -1.267162 24.648001 -160.542599 70.853364 21.407729 -10.956480 -60.554429 -23.218287 -31.833340 17.371095 -1.444935 6.732710 -0.262291 -10.701168 
302.113007 91.919388 -502.094299 90.753659 5.530013 82.779475 -175.644079 -2.388901 174.826710 -11.318639 -1.416943 -7.781816 73.701409 3.909499 -5.716394 21.454555 0.003100 0.000002 -174.044695 5.790205 -173.614420 -12.421878 3.768437 9.683250 78.491578 -5.847716 4.410018 21.454558 -0.003115 -0.000018 8.060837 -0.869255 0.248449 6.106119 -1.740249 0.451192 5.787879 -1.737358 0.461704 7.641504 -11.661085 -15.107576 -18.803026 21.640618 -25.250473 -167.733026 -74.849270 -14.031553 -19.575971 59.629327 8.125877 -30.612631 -17.548896 1.404992 9.370293 -1.214456 24.539215 -160.629192 70.922786 21.317592 -10.899699 -60.686968 -23.304993 -32.116314 17.452315 -1.456128 6.693050 -0.224090 -10.708864 
302.134308 91.914307 -502.041901 90.799804 5.444498 82.871935 -175.699199 -2.367701 174.899015 -11.289786 -1.472268 -7.764054 73.728798 3.914151 -5.665066 21.454555 0.003087 0.000000 -174.095170 5.836504 -173.482516 -12.445244 3.771301 9.659472 78.534587 -5.831881 4.410242 21.454560 -0.003117 -0.000018 8.069730 -0.868381 0.257757 6.123752 -1.737786 0.469612 5.805509 -1.734740 0.480147 7.645851 -11.807706 -15.284906 -18.859674 21.864865 -25.547684 -168.121992 -74.817148 -13.633304 -19.655381 60.007952 7.744238 -30.969413 -17.803008 1.428464 9.270532 -1.170318 24.531024 -160.625900 70.981532 21.320123 -10.970561 -60.782598 -23.284154 -32.357577 17.481213 -1.463134 6.658916 -0.270332 -10.866671 
302.173187 91.915710 -502.002197 90.859479 5.332397 82.956677 -175.796952 -2.297003 174.998995 -11.284981 -1.487572 -7.786796 73.727958 3.960246 -5.565318 21.454553 0.003094 -0.000000 -174.190615 5.906097 -173.415033 -12.489897 3.772167 9.657560 78.585739 -5.822854 4.446019 21.454560 -0.003121 -0.000019 8.079956 -0.867704 0.264456 6.144083 -1.736290 0.482759 5.825851 -1.733606 0.493298 7.653755 -11.949788 -15.456233 -18.938492 22.041944 -25.825370 -168.507816 -74.789581 -13.238293 -19.666824 60.441860 7.247108 -31.401388 -17.993985 1.449548 9.169997 -1.090174 24.723920 -160.715690 71.046993 21.226788 -11.161794 -60.847614 -23.112465 -32.513418 17.495545 -1.467400 6.587398 -0.319917 -10.935211 
302.205994 91.913872 -501.961914 90.910849 5.207456 83.041932 -175.932573 -2.242905 175.042421 -11.303603 -1.476794 -7.759276 73.773911 3.937035 -5.582997 21.454553 0.003106 0.000002 -174.285090 5.954399 -173.390909 -12.500730 3.767783 9.695687 78.607862 -5.832274 4.517286 21.454557 -0.003109 -0.000017 8.094533 -0.867231 0.260770 6.173329 -1.735581 0.475259 5.855082 -1.732949 0.485779 7.661725 -12.193891 -15.622270 -19.061721 22.261446 -26.136376 -168.509824 -74.734202 -13.236324 -19.726891 60.824481 7.028241 -31.739466 -18.148168 1.466454 9.023838 -1.046145 24.820798 -160.923000 71.123142 21.012259 -11.447444 -60.885338 -22.816319 -32.626287 17.474368 -1.468476 6.608603 -0.346716 -11.157359 
302.253998 91.921722 -501.924011 90.962233 5.058162 83.100569 -176.088670 -2.177306 175.031971 -11.329780 -1.456257 -7.728935 73.784819 3.924848 -5.550031 21.454555 0.003091 -0.000001 -174.404769 6.007599 -173.346171 -12.490413 3.756037 9.707948 78.578970 -5.838768 4.521757 21.454562 -0.003124 -0.000017 8.104607 -0.866917 0.273364 6.193285 -1.735542 0.500498 5.875054 -1.732723 0.510977 7.745213 -12.357613 -15.815662 -19.223735 22.322272 -26.408732 -168.755792 -74.681411 -12.984482 -19.773696 61.136661 6.932614 -31.936844 -18.203274 1.474134 8.943363 -0.965693 24.778528 -161.084411 71.181684 20.845304 -11.588578 -60.863747 -22.727354 -32.805921 17.508396 -1.474571 6.622375 -0.302844 -11.209595 
302.296112 91.925819 -501.875000 91.017646 4.905496 83.179020 -176.282033 -2.112802 174.904711 -11.437473 -1.406358 -7.619533 73.825363 3.848045 -5.546553 21.454557 0.003107 0.000001 -174.512986 6.066501 -173.239784 -12.489549 3.734989 9.687358 78.599420 -5.796595 4.632122 21.454557 -0.003106 -0.000016 8.111226 -0.866734 0.285425 6.206344 -1.736020 0.524638 5.888108 -1.732812 0.535079 7.885681 -12.520018 -15.997889 -19.380317 22.439791 -26.685482 -168.888694 -74.682559 -12.848360 -19.886985 61.465726 6.942697 -31.910299 -18.263004 1.477410 8.857511 -0.772742 24.863209 -161.197300 71.223573 20.728535 -11.671108 -60.821400 -22.763800 -32.957111 17.574504 -1.482102 6.547696 -0.314544 -11.280052 
302.336487 91.937477 -501.812592 91.073374 4.761411 83.274561 -176.440329 -2.027697 174.921145 -11.486006 -1.350629 -7.589272 73.796458 3.830525 -5.524610 21.454555 0.003097 0.000001 -174.575824 6.104596 -173.121554 -12.419697 3.692330 9.685153 78.537818 -5.783156 4.669125 21.454558 -0.003117 -0.000018 8.107177 -0.866661 0.295221 6.198114 -1.736848 0.544330 5.879869 -1.733171 0.554770 8.155243 -12.535983 -16.146188 -19.486559 22.429588 -26.838393 -169.223811 -74.687538 -12.505087 -19.819525 61.737581 6.855396 -31.787017 -18.231851 1.472822 8.810462 -0.474867 25.200260 -161.441097 71.315808 20.476407 -11.581748 -60.871875 -22.821590 -33.055325 17.658665 -1.489668 6.504333 -0.277510 -11.329138 
302.371002 91.951393 -501.741913 91.113959 4.653358 83.301656 -176.575307 -1.958906 174.783243 -11.591822 -1.277319 -7.501582 73.805146 3.755417 -5.562016 21.454551 0.003096 -0.000002 -174.644522 6.130400 -173.071953 -12.413722 3.632711 9.681423 78.495751 -5.765063 4.721548 21.454557 -0.003111 -0.000018 8.113964 -0.866692 0.307587 6.211456 -1.737897 0.568876 5.893217 -1.733712 0.579337 8.281007 -12.624725 -16.226667 -19.486055 22.450473 -26.927042 -169.126931 -74.655088 -12.604353 -19.747069 61.877272 7.066954 -31.670945 -18.180288 1.467087 8.891697 -0.264647 25.434810 -161.611292 71.370778 20.300577 -11.660903 -60.851091 -22.681631 -33.146075 17.637797 -1.493561 6.507005 -0.241421 -11.416045 
302.400299 91.951050 -501.656097 91.155616 4.617620 83.319053 -176.633022 -1.880493 174.755444 -11.710001 -1.232142 -7.500728 73.819797 3.754734 -5.560890 21.454553 0.003091 0.000000 -174.653743 6.183502 -173.107320 -12.457608 3.615076 9.713320 78.515360 -5.765443 4.810039 21.454560 -0.003105 -0.000017 8.132271 -0.866810 0.321300 6.247884 -1.739007 0.595898 5.929653 -1.735074 0.606387 8.390004 -12.688017 -16.273383 -19.518217 22.438421 -26.975170 -169.109596 -74.621121 -12.622146 -19.687472 61.932733 7.245540 -31.435358 -18.118279 1.458213 8.948175 -0.040731 25.664726 -161.699019 71.455732 20.209253 -11.757366 -60.863583 -22.576147 -33.263551 17.678920 -1.495340 6.514832 -0.326252 -11.514765 
302.413208 91.942818 -501.567413 91.172896 4.613824 83.307230 -176.682377 -1.859105 174.705338 -11.918795 -1.221211 -7.477133 73.920460 3.730098 -5.599163 21.454553 0.003089 -0.000000 -174.671542 6.208693 -173.029210 -12.583459 3.568331 9.667719 78.545809 -5.731713 4.814405 21.454558 -0.003112 -0.000018 8.149484 -0.866989 0.336941 6.282077 -1.741312 0.626815 5.963828 -1.738015 0.637328 8.513684 -12.725511 -16.302818 -19.540948 22.432389 -27.001611 -169.014315 -74.601853 -12.719684 -19.636447 61.939687 7.362580 -31.117358 -18.033345 1.446231 9.023314 0.125930 25.899917 -161.890032 71.521766 20.011901 -11.851401 -60.846221 -22.522031 -33.328878 17.719580 -1.496450 6.542401 -0.343508 -11.469578 
302.412506 91.924744 -501.470215 91.180054 4.646164 83.291869 -176.713099 -1.854801 174.667936 -12.171431 -1.213010 -7.450054 74.041095 3.713214 -5.605177 21.454550 0.003088 0.000001 -174.677252 6.228613 -173.034482 -12.783572 3.541271 9.660918 78.673616 -5.713074 4.881223 21.454558 -0.003115 -0.000019 8.167736 -0.867196 0.355079 6.318278 -1.745123 0.662665 6.000044 -1.741518 0.673224 8.618134 -12.725047 -16.333468 -19.572102 22.414529 -27.024661 -168.949483 -74.610097 -12.786107 -19.555516 61.917953 7.558129 -30.793901 -17.961297 1.435028 9.108564 0.135255 26.006075 -161.955383 71.571114 19.944101 -11.915255 -60.830908 -22.511487 -33.416144 17.765838 -1.497021 6.574428 -0.389778 -11.450164 
302.397888 91.906937 -501.355408 91.179918 4.699524 83.314320 -176.679754 -1.850398 174.699054 -12.359052 -1.194765 -7.457803 74.165199 3.707264 -5.658393 21.454553 0.003085 0.000000 -174.626354 6.251405 -173.011560 -12.952661 3.558583 9.651891 78.775802 -5.708068 4.887938 21.454557 -0.003101 -0.000017 8.176933 -0.867412 0.364525 6.336533 -1.748633 0.681519 6.018310 -1.744382 0.692042 8.736287 -12.728009 -16.366443 -19.591489 22.448679 -27.066699 -168.884528 -74.589135 -12.852690 -19.369100 61.835820 7.748824 -30.515065 -17.852639 1.422479 9.177257 0.113324 26.147228 -161.903105 71.572596 19.997862 -11.955495 -60.804844 -22.453204 -33.460540 17.749645 -1.497195 6.573865 -0.328194 -11.527630 
302.364410 91.893829 -501.238586 91.172445 4.730472 83.344236 -176.628624 -1.880483 174.791494 -12.469012 -1.213379 -7.479726 74.264490 3.705198 -5.732989 21.454555 0.003077 -0.000001 -174.560333 6.237598 -173.009511 -13.049590 3.560917 9.664981 78.846283 -5.706483 4.940248 21.454558 -0.003106 -0.000018 8.171961 -0.867637 0.368359 6.326547 -1.750266 0.689265 6.008319 -1.745863 0.699790 8.810690 -12.702203 -16.403118 -19.565342 22.472284 -27.097901 -168.647288 -74.580181 -13.095698 -19.100023 61.713273 8.106991 -30.335227 -17.767800 1.413455 9.256208 0.119285 26.138376 -161.926792 71.564427 19.973544 -11.932321 -60.803457 -22.470976 -33.451476 17.749739 -1.497129 6.559846 -0.295627 -11.547948 
302.316498 91.884354 -501.120392 91.158512 4.759304 83.398768 -176.566428 -1.932604 174.854195 -12.550035 -1.242345 -7.463538 74.327744 3.689904 -5.755144 21.454553 0.003104 0.000001 -174.470216 6.188512 -172.956523 -13.111199 3.533845 9.677605 78.917679 -5.721581 4.921196 21.454555 -0.003097 -0.000018 8.162202 -0.868106 0.369907 6.307088 -1.750973 0.683421 5.988846 -1.746583 0.693957 8.818834 -12.691081 -16.428313 -19.547638 22.532248 -27.140979 -168.394298 -74.589989 -13.354768 -18.759268 61.600657 8.499734 -30.279513 -17.710416 1.408684 9.286992 0.094110 26.234712 -161.872478 71.543028 20.029660 -11.848205 -60.823374 -22.597674 -33.478425 17.771049 -1.496993 6.551538 -0.315740 -11.559178 
302.277008 91.870232 -500.996704 91.157952 4.803807 83.473627 -176.475354 -1.954997 174.941499 -12.598761 -1.252574 -7.468489 74.400267 3.680759 -5.808648 21.454553 0.003099 0.000000 -174.362053 6.164904 -172.948108 -13.172540 3.533739 9.728267 78.980981 -5.756620 4.930898 21.454560 -0.003104 -0.000016 8.151383 -0.868981 0.371065 6.285509 -1.751666 0.670132 5.967289 -1.747374 0.680699 8.826180 -12.724505 -16.444119 -19.594973 22.639722 -27.214009 -168.115408 -74.592414 -13.640462 -18.421104 61.490752 8.821624 -30.317700 -17.675375 1.408239 9.265799 0.097989 26.376249 -161.911287 71.544893 19.989804 -11.708501 -60.861685 -22.727714 -33.463381 17.766847 -1.496899 6.529140 -0.312486 -11.576067 
302.234497 91.859451 -500.885712 91.155869 4.848166 83.537359 -176.388406 -1.981392 174.969448 -12.649666 -1.258586 -7.455537 74.466090 3.672495 -5.815374 21.454550 0.003089 -0.000000 -174.246718 6.146002 -172.937521 -13.219152 3.542240 9.749563 79.074070 -5.753454 5.017364 21.454558 -0.003115 -0.000018 8.142849 -0.870099 0.371784 6.268421 -1.753258 0.674672 5.950183 -1.749022 0.685264 8.815090 -12.770182 -16.485437 -19.659685 22.725344 -27.311886 -167.929818 -74.580605 -13.830626 -18.207655 61.375895 9.098799 -30.365836 -17.735283 1.409768 9.288307 0.108284 26.240180 -161.929783 71.525386 19.970975 -11.603092 -60.880031 -22.794734 -33.425228 17.737448 -1.496403 6.532498 -0.382864 -11.569040 
302.199005 91.851143 -500.782013 91.172876 4.884608 83.617922 -176.308028 -2.003498 174.989091 -12.671500 -1.289958 -7.415425 74.497775 3.649469 -5.802251 21.454553 0.003106 0.000001 -174.138405 6.144001 -172.890256 -13.241942 3.546571 9.777879 79.130624 -5.778253 5.004499 21.454555 -0.003111 -0.000017 8.134638 -0.871271 0.372045 6.251922 -1.756834 0.680410 5.933698 -1.752546 0.691012 8.738095 -12.892524 -16.535820 -19.604117 22.810515 -27.401459 -167.659315 -74.526830 -14.107809 -18.226102 61.268272 9.038114 -30.376775 -17.745984 1.412898 9.304439 0.055424 26.194035 -161.851701 71.565247 20.050797 -11.529150 -60.961843 -22.853176 -33.356120 17.695497 -1.495660 6.570794 -0.373025 -11.598097 
302.167389 91.832733 -500.689087 91.198550 4.931911 83.705997 -176.212023 -2.004696 175.135995 -12.675260 -1.332977 -7.456925 74.580878 3.672241 -5.841487 21.454553 0.003104 -0.000001 -174.016595 6.170310 -172.743066 -13.263894 3.560351 9.743086 79.211637 -5.755613 5.007113 21.454558 -0.003107 -0.000018 8.125114 -0.872360 0.371785 6.232834 -1.768457 0.685541 5.914586 -1.764154 0.696223 8.786995 -12.944340 -16.562459 -19.656451 22.839242 -27.454164 -167.585918 -74.551003 -14.182960 -18.184842 61.259304 8.995815 -30.482181 -17.808281 1.418977 9.313770 -0.024523 26.194327 -161.938021 71.577077 19.961865 -11.395714 -60.981951 -23.053205 -33.254043 17.682627 -1.495014 6.538897 -0.428846 -11.622370 
302.145111 91.824112 -500.614014 91.229621 4.940843 83.785370 -176.159130 -1.994600 175.226386 -12.657976 -1.362077 -7.470609 74.609018 3.694675 -5.804485 21.454553 0.003093 0.000000 -173.940917 6.192599 -172.772914 -13.264491 3.598551 9.801734 79.291980 -5.799171 5.009858 21.454558 -0.003107 -0.000018 8.111209 -0.873168 0.370974 6.204972 -1.778809 0.689896 5.886731 -1.774473 0.700625 8.829361 -12.976659 -16.594940 -19.718556 22.891615 -27.523393 -167.459300 -74.544644 -14.312661 -18.184340 61.228930 9.006542 -30.654890 -17.869698 1.426369 9.283924 -0.076019 26.201753 -162.198510 71.557570 19.694045 -11.186171 -60.939187 -23.239910 -33.225749 17.684412 -1.494376 6.555677 -0.511557 -11.645239 
302.129395 91.814857 -500.541687 91.258861 4.942330 83.902030 -176.072154 -1.999496 175.361651 -12.547885 -1.420411 -7.469476 74.614537 3.705466 -5.769311 21.454553 0.003096 -0.000002 -173.829175 6.207901 -172.761794 -13.188720 3.631463 9.858364 79.338077 -5.832071 5.047613 21.454558 -0.003106 -0.000018 8.105234 -0.873526 0.369555 6.193015 -1.772356 0.692578 5.874774 -1.768007 0.703265 8.812684 -13.033426 -16.627286 -19.776490 22.909689 -27.585561 -167.398197 -74.517562 -14.375320 -18.267742 61.210707 8.984441 -30.861971 -17.917424 1.433613 9.231328 -0.105773 26.157155 -161.934906 71.565349 19.965264 -11.229651 -60.964021 -23.253920 -33.120663 17.637539 -1.493697 6.536246 -0.470573 -11.582199 
302.124908 91.814331 -500.485413 91.306003 4.901631 84.009141 -175.984441 -1.970711 175.577499 -12.334769 -1.482177 -7.517287 74.603404 3.749221 -5.739807 21.454555 0.003094 -0.000001 -173.786555 6.237192 -172.777121 -13.135950 3.649911 9.925150 79.379673 -5.860468 5.132663 21.454560 -0.003115 -0.000018 8.092371 -0.873273 0.367515 6.167312 -1.771300 0.686925 5.849075 -1.766993 0.697614 8.844865 -13.073499 -16.655807 -19.853627 22.862704 -27.617037 -167.315811 -74.497631 -14.459852 -18.334821 61.245637 8.903413 -31.092930 -17.979045 1.442253 9.207413 -0.091781 26.206657 -161.888707 71.563457 20.012799 -11.193142 -60.950136 -23.315303 -33.063607 17.625976 -1.492930 6.564676 -0.453056 -11.538669 
302.115814 91.813210 -500.444489 91.339259 4.855495 84.134188 -175.919145 -1.990792 175.706630 -12.135051 -1.572411 -7.511147 74.579443 3.758704 -5.694603 21.454553 0.003097 -0.000000 -173.758086 6.233899 -172.736782 -13.082253 3.643212 9.979204 79.389324 -5.899768 5.130218 21.454558 -0.003112 -0.000019 8.088331 -0.871351 0.364777 6.159292 -1.760831 0.682950 5.841057 -1.756522 0.693561 8.867300 -13.102388 -16.679819 -19.929741 22.809171 -27.640797 -167.416911 -74.471909 -14.356347 -18.463366 61.302546 8.714465 -31.271321 -18.035488 1.449523 9.161475 -0.109331 26.289053 -161.832112 71.536061 20.071353 -11.153825 -60.880980 -23.361455 -33.095091 17.609742 -1.492000 6.532015 -0.443758 -11.585804 
302.117493 91.816368 -500.412811 91.388068 4.797127 84.287854 -175.888805 -1.982891 175.785601 -11.952541 -1.626150 -7.449564 74.537124 3.727268 -5.649213 21.454548 0.003087 -0.000001 -173.734290 6.247493 -172.658604 -13.018066 3.629960 10.025668 79.412205 -5.921683 5.178380 21.454557 -0.003112 -0.000017 8.092319 -0.869706 0.359009 6.167350 -1.753185 0.671521 5.849121 -1.748964 0.682116 8.896365 -13.124964 -16.717404 -20.069029 22.766981 -27.697906 -167.511728 -74.456172 -14.259153 -18.672747 61.348903 8.587835 -31.390487 -18.049272 1.452869 9.088279 -0.180479 26.320448 -161.760682 71.496323 20.145249 -11.177870 -60.791484 -23.391211 -33.128354 17.611291 -1.490884 6.555796 -0.423178 -11.529803 
302.122009 91.822121 -500.394592 91.436384 4.705556 84.479140 -175.940550 -1.971209 175.814916 -11.837730 -1.651990 -7.372440 74.496518 3.696354 -5.562484 21.454551 0.003083 0.000000 -173.756352 6.249598 -172.581340 -12.974633 3.616823 10.092397 79.421009 -5.962416 5.205723 21.454560 -0.003110 -0.000018 8.095305 -0.868331 0.347331 6.173521 -1.749820 0.648214 5.855294 -1.745736 0.658774 8.917831 -13.086834 -16.737602 -20.115954 22.728566 -27.709738 -167.740403 -74.476717 -14.024834 -18.860517 61.410613 8.437142 -31.472695 -18.064273 1.455286 9.071360 -0.143549 26.337360 -161.753797 71.447925 20.152968 -11.205315 -60.715163 -23.406444 -33.137964 17.625329 -1.489498 6.568797 -0.417503 -11.527197 
302.138306 91.817421 -500.390991 91.492160 4.599067 84.627464 -176.046049 -1.950393 175.798414 -11.802988 -1.670709 -7.261382 74.508881 3.622878 -5.545480 21.454551 0.003089 0.000000 -173.840336 6.283007 -172.481142 -12.985490 3.599623 10.119577 79.438788 -5.969357 5.257728 21.454558 -0.003109 -0.000018 8.105101 -0.866845 0.350199 6.193068 -1.753774 0.653714 5.874834 -1.749671 0.664305 8.914769 -13.022441 -16.721739 -20.194050 22.686204 -27.690741 -167.940691 -74.495330 -13.819600 -19.067839 61.477604 8.283424 -31.558189 -18.080563 1.457429 9.043192 -0.059814 26.400302 -161.598601 71.461209 20.312482 -11.317958 -60.718838 -23.297931 -33.115923 17.590415 -1.487791 6.563272 -0.421007 -11.506529 
302.161499 91.817596 -500.379913 91.529924 4.478761 84.749739 -176.152874 -1.928891 175.848712 -11.753600 -1.694890 -7.219699 74.524351 3.623053 -5.446378 21.454553 0.003090 -0.000002 -173.913651 6.310898 -172.485936 -12.952008 3.623350 10.187703 79.484339 -6.014764 5.276659 21.454557 -0.003111 -0.000017 8.116803 -0.864957 0.354225 6.216460 -1.749970 0.661659 5.898220 -1.745801 0.672222 8.829439 -12.993828 -16.640571 -20.072457 22.625854 -27.557315 -167.952999 -74.488144 -13.807034 -19.242516 61.539014 8.206451 -31.653525 -18.080756 1.460342 9.023096 -0.085543 26.476796 -161.598205 71.499185 20.312446 -11.431346 -60.698689 -23.256325 -33.124566 17.573609 -1.485735 6.611320 -0.516640 -11.520537 
302.187286 91.800194 -500.371307 91.557586 4.303289 84.805350 -176.244617 -1.914994 175.955618 -11.610934 -1.745909 -7.225069 74.640615 3.653971 -5.372707 21.454558 0.003105 0.000002 -174.008590 6.341704 -172.511222 -12.842785 3.665441 10.225579 79.559102 -6.043777 5.281378 21.454558 -0.003113 -0.000019 8.114984 -0.862283 0.368021 6.212592 -1.743046 0.689471 5.894363 -1.738699 0.699998 8.813007 -12.959101 -16.494622 -19.999467 22.524601 -27.347089 -167.740403 -74.445066 -14.024900 -19.279580 61.599079 8.271948 -31.792915 -18.110481 1.465164 9.004546 -0.056490 26.574975 -161.657491 71.523002 20.251205 -11.551345 -60.629964 -23.388772 -33.075662 17.536234 -1.482261 6.623676 -0.487894 -11.457861 
302.236694 91.757179 -500.354492 91.592338 4.074796 84.841147 -176.439619 -1.897209 176.156562 -11.602773 -1.840274 -7.283038 74.963956 3.728433 -5.306004 21.454550 0.003083 -0.000001 -174.120223 6.412589 -172.579442 -12.688424 3.759687 10.253895 79.763325 -6.073805 5.276297 21.454558 -0.003099 -0.000018 8.106066 -0.857774 0.376910 6.194640 -1.734445 0.707613 5.876405 -1.730005 0.718082 8.682910 -12.953024 -16.279992 -19.794561 22.444861 -27.054777 -167.358022 -74.375822 -14.416904 -19.077133 61.670044 8.570767 -32.047678 -18.164555 1.473992 9.002584 -0.037376 26.607492 -161.668597 71.557768 20.239299 -11.811648 -60.514376 -23.560106 -33.012476 17.440647 -1.474730 6.639251 -0.445603 -11.513318 
302.312012 91.685829 -500.309998 91.606005 3.859687 84.937364 -176.977086 -1.966995 176.424702 -12.341716 -2.052922 -7.318225 75.586712 3.819254 -5.157424 21.454555 0.003089 -0.000001 -174.215368 6.454193 -172.747615 -12.592164 3.836201 10.371097 80.052781 -6.153576 5.330745 21.454558 -0.003108 -0.000019 8.117846 -0.852402 0.369546 6.218323 -1.723384 0.693024 5.900100 -1.719024 0.703421 8.403684 -12.888698 -16.048851 -19.580870 22.396424 -26.763690 -167.406393 -74.323550 -14.367470 -18.498951 61.678364 9.145103 -32.486859 -18.182116 1.484480 8.978652 -0.160022 26.813810 -161.718990 71.543827 20.187616 -12.391220 -60.296616 -23.664756 -32.901308 17.249639 -1.460035 6.660671 -0.414461 -11.744813 
302.413788 91.513634 -500.260803 91.533954 3.617509 85.215059 -178.310530 -2.166401 176.368352 -14.626042 -2.175352 -7.066224 76.893757 3.708293 -5.060412 21.454550 0.003083 -0.000002 -174.517726 6.427104 -172.911061 -12.964707 3.912268 10.575977 80.581363 -6.281541 5.459514 21.454558 -0.003103 -0.000017 8.142169 -0.830924 0.331532 6.267646 -1.678549 0.617826 5.949424 -1.674649 0.627952 8.154677 -12.751138 -15.871270 -19.317611 22.450048 -26.544827 -167.694367 -74.345305 -14.072286 -17.639397 61.578561 10.481347 -32.942439 -18.120482 1.490377 8.829588 -0.588224 26.619812 -161.992307 71.410468 19.907934 -13.161897 -59.964061 -23.794383 -32.785140 17.061567 -1.445438 6.746906 -0.530913 -12.026018 
302.491791 91.257294 -500.217499 91.159919 3.175030 85.583800 179.689518 -2.758611 177.065127 -17.848141 -2.545535 -7.110486 78.669081 3.831757 -4.933194 21.454553 0.003092 -0.000001 -175.341174 6.032303 -173.307950 -14.027766 3.911121 10.933340 81.377066 -6.491534 5.722787 21.454562 -0.003119 -0.000017 8.141459 -0.719597 0.306979 6.266934 -1.454735 0.574737 5.948742 -1.451086 0.583514 7.843221 -12.696788 -15.783811 -18.804559 22.484452 -26.361554 -167.538885 -74.364538 -14.231599 -17.049098 61.451007 12.226184 -33.134515 -17.844510 1.476835 8.598021 -1.146908 25.912187 -162.122900 71.481468 19.772701 -13.478968 -59.929876 -23.864336 -33.205450 17.156856 -1.460741 6.984066 -0.898025 -12.762380 
302.598114 90.999039 -500.073700 90.855791 2.867378 85.778488 178.318467 -3.036097 178.703307 -20.189740 -3.024886 -7.776239 80.391934 4.410805 -4.717921 21.454553 0.003092 0.000000 -176.228825 5.806106 -173.636509 -15.550881 3.902102 11.134696 82.379663 -6.602148 6.002408 21.454555 -0.003113 -0.000017 8.184551 -0.622542 0.340971 6.353073 -1.262844 0.647430 6.034904 -1.258772 0.655044 7.634464 -12.368279 -15.791327 -18.486486 22.333043 -26.214592 -167.763694 -74.425921 -14.001094 -16.417596 61.393975 14.059285 -33.285373 -17.523122 1.459481 8.322483 -1.385241 25.459754 -161.967718 71.565445 19.931489 -13.316300 -59.964437 -23.914207 -34.305486 17.392834 -1.500575 7.125969 -1.268502 -13.731659 
302.737091 90.793068 -499.851196 91.029414 2.648811 85.510936 177.689284 -2.531603 -179.157706 -21.555374 -3.460136 -8.968674 83.002631 5.320820 -4.713575 21.454557 0.003104 -0.000000 -177.718134 6.060491 -173.756529 -18.294868 3.471164 10.928751 83.761397 -6.395178 6.543638 21.454557 -0.003113 -0.000019 8.268820 -0.651133 0.402629 6.520775 -1.323880 0.768093 6.202613 -1.319090 0.776094 7.443848 -11.950216 -15.712958 -18.404510 22.190595 -26.030382 -167.553829 -74.330449 -14.216419 -15.705272 61.172383 15.976518 -33.430829 -17.076550 1.433950 7.985996 -1.840631 25.159912 -162.584293 71.730462 19.295315 -12.773940 -59.982202 -24.229664 -35.830278 17.829826 -1.564381 7.017832 -1.502589 -14.275271 
302.882904 90.473503 -499.660889 91.755873 2.283753 84.604665 177.077094 -1.605893 -178.773003 -22.764194 -3.636575 -9.619876 85.533940 5.790125 -4.924264 21.454553 0.003085 -0.000001 178.988331 6.586501 -174.304679 -23.774244 2.084909 10.654596 85.400963 -6.031134 7.737842 21.454557 -0.003104 -0.000019 8.357846 -0.840548 0.495536 6.696536 -1.708305 0.941853 6.378340 -1.702451 0.952164 7.194050 -11.296571 -15.492962 -18.174175 21.835647 -25.561819 -167.104526 -74.204466 -14.677235 -14.946383 60.565657 19.065409 -33.411749 -16.682220 1.408164 7.780283 -2.915977 23.768995 -163.053486 71.927479 18.810607 -12.170560 -60.184738 -24.313303 -37.914889 18.340385 -1.648870 6.705153 -1.567819 -15.032538 
303.018585 89.937630 -499.511505 92.831888 1.754689 83.458580 175.991613 -0.660095 -179.475378 -24.446572 -3.991914 -9.901059 87.807901 6.006882 -5.107784 21.454553 0.003091 0.000000 174.202390 7.462602 -175.269635 -31.402440 0.645217 10.278252 86.250563 -5.646322 8.465903 21.454558 -0.003108 -0.000016 8.486990 -1.145873 0.499364 6.953120 -2.319617 0.929340 6.634787 -2.313823 0.943347 6.566172 -10.487667 -14.989327 -18.124194 21.416919 -24.829727 -167.117408 -74.177610 -14.664117 -13.919864 59.931481 20.888260 -33.432441 -16.400946 1.390504 7.346249 -3.398177 23.158682 -163.217096 72.111983 18.640534 -11.893433 -60.614145 -23.763244 -40.671953 18.810589 -1.752213 6.018392 -1.503305 -16.345988 
303.061493 89.425774 -499.384399 93.772664 1.237781 82.431586 174.815167 -0.152896 179.276592 -26.223097 -4.413334 -9.793304 89.595881 5.963468 -5.233401 21.454553 0.003095 -0.000001 169.092411 7.819598 -175.959169 -39.238071 -1.089828 10.256447 85.343726 -5.640321 7.896278 21.454558 -0.003111 -0.000018 8.741757 -1.430804 0.381821 7.464574 -2.883213 0.670899 7.146061 -2.878980 0.688326 5.514982 -9.573865 -14.355900 -18.609200 21.096730 -24.132402 -167.535716 -74.226685 -14.235204 -13.481781 59.162204 21.669436 -33.236428 -16.138673 1.369337 7.296349 -4.214737 21.102544 -163.402099 72.121504 18.450276 -11.928363 -60.941728 -22.873609 -44.124648 19.180051 -1.874766 4.792733 -0.531996 -18.057736 
302.991302 89.115013 -499.107697 94.288207 0.712247 81.797082 174.093777 0.038704 178.225836 -27.252369 -4.502985 -9.593181 90.921470 5.860318 -5.234880 21.454550 0.003088 -0.000001 164.391465 7.796407 -176.853678 -46.230098 -1.527855 11.058157 83.469426 -6.565507 5.499504 21.454558 -0.003106 -0.000017 9.083196 -1.580908 0.205218 8.152533 -3.172318 0.298768 7.833907 -3.170326 0.317943 4.659068 -8.512362 -13.766059 -19.478263 20.476258 -23.399835 -168.865786 -74.380617 -12.871984 -14.492842 58.465805 21.173177 -31.936981 -15.497252 1.300450 7.796034 -5.495345 16.340138 -163.119712 72.040888 18.741377 -11.482103 -61.232277 -22.225796 -48.049285 19.425621 -2.012030 3.520769 0.960763 -19.277763 
302.817688 88.981148 -498.720306 94.593960 -0.209076 81.214877 173.428202 0.009286 177.128648 -27.596090 -4.323100 -9.363937 92.116050 5.693276 -5.517096 21.454551 0.003088 0.000001 159.664988 7.487693 -177.338390 -52.139806 -1.491781 12.076900 81.299660 -7.738384 3.079937 21.454562 -0.003120 -0.000018 9.381587 -1.629905 0.036436 8.754561 -3.257904 -0.050540 8.435908 -3.258012 -0.030839 4.007396 -7.237945 -13.052083 -20.447097 19.517283 -22.359160 -170.315999 -74.615480 -11.386383 -16.546734 58.042032 19.796677 -30.026017 -14.714903 1.211887 8.778291 -6.546825 10.483721 -162.598391 72.015889 19.277651 -10.258842 -61.579838 -22.061216 -51.787392 19.445494 -2.137110 2.479212 2.306606 -19.416768 
302.529114 89.069458 -498.192413 94.586372 -1.594368 80.602810 172.867908 -0.523893 175.842127 -27.118988 -4.169828 -9.121312 92.866763 5.515088 -5.761870 21.454555 0.003098 0.000001 155.111137 6.903301 -177.211894 -55.823874 -1.269533 11.608824 80.933445 -7.428765 3.014551 21.454562 -0.003110 -0.000019 9.620705 -1.561187 -0.124236 9.237033 -3.107480 -0.372838 8.918431 -3.109528 -0.354044 3.551276 -6.061827 -12.281030 -21.478257 18.747391 -21.323569 -171.808300 -74.722686 -9.858376 -18.538486 57.717960 18.241678 -28.642849 -14.111022 1.147131 9.731881 -7.549604 6.226949 -162.065704 71.773294 19.828203 -9.103018 -61.576737 -22.198620 -54.295926 19.156280 -2.204909 1.381491 3.760929 -18.390740 
302.172607 89.316849 -497.545990 94.354111 -3.504077 79.780086 172.265895 -1.204606 174.563653 -25.909648 -3.781591 -9.027077 93.225628 5.433838 -5.915041 21.454551 0.003087 -0.000001 150.454724 5.972902 -176.811919 -57.068502 -0.889993 9.993960 80.913822 -6.297031 3.067121 21.454555 -0.003110 -0.000018 9.800247 -1.413262 -0.292364 9.599073 -2.797413 -0.701176 9.280578 -2.801466 -0.684243 3.098003 -4.704255 -11.362531 -22.719506 17.755715 -20.028843 -173.074712 -74.732242 -8.561524 -19.623502 57.415315 17.279789 -28.647779 -13.839015 1.129754 9.787388 -9.057329 3.442556 -162.128310 71.697875 19.764722 -8.936479 -61.548276 -22.535219 -54.877811 19.028764 -2.216982 0.738029 5.754814 -16.312872 
301.739105 89.591850 -496.795685 94.143858 -5.706673 78.761357 171.469304 -1.941798 173.526379 -24.728592 -3.311922 -9.203112 93.873150 5.433348 -7.047601 21.454553 0.003097 -0.000000 145.676979 4.659493 -177.220104 -56.446008 0.046860 9.068285 80.334001 -5.659039 3.115603 21.454560 -0.003111 -0.000016 10.009993 -1.244631 -0.442698 10.020019 -2.446254 -0.991768 9.701646 -2.452056 -0.976966 2.240058 -3.314975 -10.459540 -24.029273 16.773584 -18.728225 -175.581802 -74.651154 -5.993398 -19.992001 56.712898 17.221895 -30.063173 -13.912096 1.161002 8.916615 -11.215401 1.190249 -162.794799 71.773547 19.078298 -9.737484 -61.673671 -22.387507 -53.784355 19.136071 -2.185468 0.939687 7.621219 -13.917660 
301.261414 89.743271 -495.927490 93.986217 -7.800176 77.747756 170.797855 -2.575796 172.439955 -23.628599 -2.840087 -9.400832 93.905231 5.535952 -7.245945 21.454553 0.003112 0.000003 141.178767 3.375198 -177.835559 -54.620794 1.132427 8.820119 79.932003 -5.438252 3.431428 21.454555 -0.003106 -0.000016 10.383673 -1.086215 -0.583329 10.768019 -2.113415 -1.265471 10.449771 -2.120865 -1.252681 0.730256 -2.037571 -9.736536 -25.544160 15.805242 -17.628296 -179.337709 -74.859871 -2.150926 -21.047684 55.825906 16.458014 -32.249780 -14.296651 1.229649 7.772418 -12.485045 -0.454658 -164.425097 71.990180 17.399541 -11.000773 -62.023179 -21.186675 -51.809895 19.372599 -2.132969 1.430317 8.399269 -11.934614 
300.745392 89.697502 -494.907715 93.987590 -9.734313 76.882877 170.036357 -3.361992 171.038906 -23.155289 -2.609913 -9.061916 93.871490 5.221810 -7.983613 21.454551 0.003108 0.000001 136.886266 2.364491 -177.979608 -52.306627 1.679978 8.629991 79.645770 -5.276233 3.608545 21.454555 -0.003104 -0.000016 10.909258 -0.940784 -0.699929 11.818935 -1.805063 -1.492551 11.500786 -1.813921 -1.481609 -1.472937 -1.012723 -9.079236 -26.923117 14.935455 -16.600070 175.386813 -75.101960 3.241328 -23.276815 54.494815 14.234257 -34.790877 -14.653619 1.308012 6.126569 -13.395807 0.093149 -166.303604 72.243908 15.466478 -12.313576 -62.355871 -19.584799 -49.830888 19.707638 -2.088907 2.299852 8.313365 -10.743046 
300.177399 89.417473 -493.650696 94.423848 -11.669609 76.092822 169.145769 -3.976392 169.317425 -23.207772 -2.624978 -8.566798 94.131345 4.858358 -8.408830 21.454553 0.003098 0.000002 132.525737 1.773804 -177.676088 -50.125806 1.709435 8.735299 79.448412 -5.376937 3.504064 21.454560 -0.003118 -0.000017 11.449888 -0.860973 -0.819940 12.900552 -1.625046 -1.730994 12.582472 -1.635328 -1.721145 -3.625254 0.083580 -8.411404 -28.488912 13.949051 -15.456853 170.195624 -75.241917 8.543694 -26.567015 52.585790 11.353392 -37.517355 -15.075735 1.399730 3.971520 -14.148018 2.799301 -168.479101 72.324586 13.229893 -12.942541 -62.266279 -18.892259 -48.058376 19.934317 -2.046249 3.242002 7.914338 -9.371762 
299.521912 88.887863 -491.944305 95.192333 -13.447419 75.291381 168.803085 -4.364002 166.983932 -22.984010 -2.638463 -7.615695 93.961048 4.143032 -8.989023 21.454553 0.003090 -0.000001 128.535062 1.586206 -176.493932 -48.310338 1.311558 8.809030 79.290580 -5.446974 3.390552 21.454557 -0.003102 -0.000016 11.901667 -0.838188 -0.943704 13.805252 -1.557668 -1.980929 13.487246 -1.569449 -1.971479 -4.098202 0.974972 -7.813428 -31.036028 13.409243 -14.772302 165.332911 -75.541032 13.498257 -30.424340 50.794915 8.291123 -40.599491 -15.521359 1.507626 1.747870 -14.435219 6.676715 -170.344098 72.036742 11.312332 -12.129397 -61.471265 -20.426331 -46.274101 19.809832 -1.981593 3.493519 7.621942 -8.679055 
298.778809 88.158493 -489.662811 96.229606 -15.041951 74.379783 169.304120 -4.337401 165.694870 -21.706742 -3.039694 -7.239296 91.800959 3.670323 -9.671624 21.454548 0.003101 -0.000001 125.003882 1.665106 -174.818514 -47.416778 0.967299 8.399409 79.228664 -5.290029 2.810311 21.454560 -0.003104 -0.000017 12.208275 -0.820125 -1.054981 14.419468 -1.502205 -2.204184 14.101502 -1.515337 -2.195074 -3.747527 1.219992 -7.375039 -33.472117 13.265826 -14.579570 162.220599 -76.004323 16.653075 -34.419799 49.496588 5.545791 -45.129642 -16.018990 1.667473 -0.066258 -13.601617 10.579129 -170.028598 71.834349 11.636478 -9.501172 -60.719835 -24.216022 -44.998055 19.472306 -1.920169 3.049140 7.669922 -10.500748 
297.898193 87.355042 -486.683197 97.482338 -16.475046 73.532567 170.649790 -3.950108 164.630590 -20.077124 -3.565919 -6.928479 91.473595 3.351581 -10.387688 21.454550 0.003085 -0.000000 122.102814 2.196106 -172.821585 -47.938205 1.024655 7.285583 79.319895 -4.607372 2.398942 21.454558 -0.003118 -0.000019 12.320574 -0.733866 -1.255857 14.644049 -1.302702 -2.594676 14.326207 -1.318210 -2.586761 -3.447680 0.959811 -6.998287 -35.030562 13.152824 -14.436996 159.217515 -76.561134 19.686309 -36.206454 49.766934 3.734007 -53.370784 -16.688259 1.975281 -2.203518 -11.037476 16.501418 -168.676193 71.693784 13.027888 -5.183298 -59.754415 -29.610923 -44.084729 18.944126 -1.858039 1.559767 9.135551 -16.105089 
296.817200 86.340813 -483.079590 98.365680 -17.837982 72.618387 172.607036 -3.506308 164.261227 -18.424884 -3.593401 -7.048894 92.447375 3.338663 -11.783698 21.454555 0.003096 0.000000 119.950990 2.421501 -170.336326 -50.149042 1.267516 6.268772 79.557852 -3.905450 2.376891 21.454557 -0.003111 -0.000017 12.238791 -0.480304 -1.450836 14.475100 -0.775118 -2.950404 14.157421 -0.792784 -2.945661 -3.594044 0.619358 -6.585150 -35.572622 12.546788 -13.824807 158.999796 -76.617579 19.905183 -35.247895 51.287074 2.009431 -65.533623 -15.366957 2.336485 -4.211251 -7.012308 24.406190 -166.506816 71.763445 15.259722 0.665030 -58.581658 -35.721637 -44.390004 18.488752 -1.837076 -1.079288 11.766869 -22.502897 
295.414398 84.966423 -479.005310 98.644952 -18.904389 71.667782 174.671501 -3.638505 163.776789 -18.321778 -3.084344 -6.957255 93.892480 3.170357 -13.830846 21.454555 0.003093 0.000002 119.037862 1.871402 -167.518627 -53.866898 1.221705 6.434834 80.026492 -4.015980 2.437280 21.454558 -0.003113 -0.000019 12.051699 -0.099666 -1.577653 14.090662 -0.006263 -3.155603 13.773080 -0.025172 -3.155499 -3.659338 0.399114 -6.142336 -35.739071 11.803387 -13.015836 161.913323 -76.478318 16.945117 -33.127886 53.386060 0.651358 -77.677419 -11.256581 2.553608 -5.817588 -3.863406 30.861291 -164.584610 71.984614 17.235542 7.957172 -56.972073 -41.874459 -47.089066 18.503759 -1.920332 -2.926629 14.240150 -24.126269 
293.668915 83.202423 -474.598907 98.490822 -19.333014 71.119673 175.985876 -4.372497 163.382387 -21.848421 -1.414251 -5.661834 94.739116 2.027688 -16.770408 21.454551 0.003101 -0.000002 120.211794 0.789392 -165.382417 -57.897642 1.411382 7.842106 80.156491 -5.694790 -0.431170 21.454560 -0.003109 -0.000016 11.881008 0.324893 -1.670281 13.737355 0.845952 -3.290082 13.419791 0.826201 -3.295111 -3.459711 0.273011 -5.669035 -35.947484 10.920672 -12.079435 163.853793 -76.481385 14.968216 -30.439144 55.757689 0.013266 -87.697443 -6.283456 2.642683 -6.922737 -1.678328 35.118207 -163.206387 72.200058 18.650731 15.104810 -55.388716 -45.919857 -51.837126 18.464192 -2.072809 -3.865900 16.461109 -22.843219 
291.476898 81.325073 -470.086487 97.452429 -19.336827 71.170523 175.051793 -6.261006 164.878048 -30.921462 0.863234 -5.427333 92.609428 1.009037 -20.588543 21.454553 0.003097 -0.000002 123.789638 -1.355805 -164.313314 -59.862817 1.152156 8.395735 91.152535 -6.628282 -6.046179 21.454557 -0.003108 -0.000016 11.802160 0.787563 -1.615194 13.569004 1.759210 -3.126990 13.251249 1.740436 -3.137533 -3.537442 0.068660 -5.659302 -36.054332 10.271397 -11.758867 164.840305 -76.498651 13.962351 -28.013341 57.326433 1.139682 -94.632530 -3.116134 2.728846 -7.932620 -0.879016 38.825124 -162.188921 71.820409 19.700994 19.587297 -54.961252 -46.174073 -56.607454 18.493101 -2.243066 -4.905286 18.094769 -23.019640 
289.045685 79.218391 -465.671600 95.836802 -19.051332 71.216518 170.866703 -8.883805 170.789686 -46.698379 0.902936 -7.589525 85.216923 1.009722 -21.549138 21.454555 0.003099 -0.000003 126.313844 -4.479100 -164.643882 -63.695564 0.632497 10.003810 99.411484 -7.015583 -4.709011 21.454558 -0.003109 -0.000019 11.780510 1.205472 -1.247632 13.525341 2.548537 -2.346074 13.207194 2.534479 -2.361410 -3.718043 -0.117360 -6.144731 -35.794364 9.289208 -11.717190 164.770295 -76.626048 14.028489 -25.964252 58.462861 3.761220 -96.876453 -2.816295 2.807701 -9.283193 -1.564416 40.638386 -161.380500 70.753738 20.545943 20.112657 -55.779672 -42.866684 -60.005698 18.142622 -2.345849 -5.605570 19.368625 -22.334256 
286.675995 77.918129 -460.861115 95.185605 -18.370463 69.903393 164.552439 -9.344498 175.107991 -64.930019 1.740880 -10.007989 74.896050 2.704484 -14.960421 21.454543 0.003090 -0.000001 129.227644 -6.528791 -164.803449 -67.268812 0.082621 10.198635 102.518797 -6.900468 -3.743472 21.454557 -0.003107 -0.000017 11.836369 1.400867 -0.697779 13.648750 2.874171 -1.225511 13.330300 2.866879 -1.242854 -3.034814 -1.370753 -6.680765 -37.084881 8.839392 -12.450907 164.608802 -76.174819 14.211404 -23.226087 59.744730 4.159665 -95.252316 -3.142075 2.758231 -9.762912 -2.658859 42.596789 -163.236207 70.338914 18.638224 15.007799 -57.619291 -35.485818 -62.597263 17.652004 -2.412144 -5.617892 20.507365 -20.464454 
284.123901 77.166733 -455.273499 95.293215 -17.128132 67.891998 158.056287 -8.103497 179.192103 -81.587293 1.926635 -9.588037 72.803560 3.196678 -11.437039 21.454555 0.003094 -0.000001 134.709540 -7.385102 -165.444968 -68.484251 0.178778 9.513465 106.054499 -6.271951 -3.626737 21.454560 -0.003110 -0.000018 11.887167 1.403524 -0.220107 13.762315 2.823120 -0.271511 13.443797 2.821572 -0.288563 -2.558212 -3.027110 -7.001076 -37.360807 8.465057 -12.958875 169.129103 -74.871093 9.645949 -19.393330 60.642538 4.913507 -90.090407 -5.145809 2.668995 -11.584422 -5.506498 44.115437 -167.858784 70.219973 13.872188 4.289988 -58.386110 -24.445455 -65.361017 17.279924 -2.496020 -7.024961 20.617659 -22.263094 
281.395905 77.053833 -449.503998 96.383197 -16.147407 65.298480 149.904484 -6.010104 -179.774117 -95.468334 3.032034 -9.370718 77.604876 4.450620 -7.589881 21.454551 0.003086 0.000002 141.194381 -7.396389 -166.393394 -67.037870 -0.086770 8.124723 109.100804 -5.214634 -3.687139 21.454557 -0.003106 -0.000016 11.786413 1.155548 0.243377 13.568831 2.274417 0.620885 13.250481 2.278257 0.607135 -3.105786 -4.032390 -7.326060 -36.760768 8.011159 -13.201657 174.314009 -74.046429 4.366079 -13.595760 61.928219 8.258354 -82.962736 -9.361970 2.650051 -11.009533 -9.199925 39.944678 -172.612705 70.197310 8.969090 -8.716486 -57.252838 -11.824989 -71.232104 15.811321 -2.635213 -8.819486 19.604685 -25.543740 
278.442596 77.719872 -443.567291 98.016083 -15.870580 61.512069 140.477798 -4.379502 179.886064 -104.754406 3.628084 -10.005080 77.655638 5.099824 -6.821255 21.454551 0.003093 0.000001 148.301261 -7.740295 -169.304844 -62.142871 0.002121 6.847374 110.772800 -4.307477 -3.668025 21.454558 -0.003105 -0.000016 11.493017 0.732419 0.974920 12.986075 1.350596 2.026057 12.668100 1.362938 2.017880 -4.230744 -5.151511 -7.904049 -35.654202 7.685927 -13.786470 179.449000 -73.413817 -0.882666 -1.117595 61.214361 17.120918 -78.810001 -11.169203 2.596187 -8.744636 -12.974185 32.686844 -175.903408 71.589986 5.590780 -18.264600 -57.339131 2.033445 -82.805928 9.691381 -2.705674 -10.990887 17.902039 -30.296472 
275.048706 79.287102 -437.121887 100.357295 -15.474017 57.674035 131.142815 -2.932803 178.841646 -108.311808 3.717873 -9.277554 77.777167 5.094422 -4.985052 21.454551 0.003092 0.000006 157.094515 -6.645993 -173.089930 -52.999041 0.641666 5.321571 109.935201 -3.361423 -4.102360 21.454558 -0.003111 -0.000016 11.078366 -0.007918 1.717811 12.140956 -0.196272 3.425214 11.823487 -0.175455 3.426346 -4.357532 -5.316758 -8.660245 -35.225440 8.029594 -14.762332 -175.617100 -73.424575 -5.944473 14.507634 56.082202 29.865357 -79.198079 -10.216388 2.546306 -8.565242 -14.178199 29.225000 -176.509287 73.954071 4.995426 -26.733862 -59.257895 15.445756 -94.922404 1.743573 -2.689051 -12.203244 15.983464 -31.549494 
271.109985 81.587929 -430.175110 102.996999 -14.995749 54.939863 123.139268 -1.336891 177.865557 -106.216197 3.244008 -7.423066 78.901813 4.143539 -3.903295 21.454562 0.003095 -0.000002 166.507294 -4.144896 -176.131208 -41.012711 1.695148 4.243281 102.561697 -3.037170 -4.633952 21.454560 -0.003112 -0.000018 10.583765 -0.863475 2.284439 11.118272 -1.942612 4.475768 10.801051 -1.915435 4.487395 -3.769769 -5.505985 -9.475329 -34.118994 8.703912 -15.877914 -171.969806 -74.585242 -9.692282 26.421187 49.235193 41.590634 -79.948764 -9.225448 2.509500 -8.808212 -13.710869 26.343922 -174.444507 76.471017 7.133217 -34.081524 -60.942581 21.858813 -105.350702 -0.853933 -2.973395 -13.492132 15.390042 -30.113764 
266.844086 84.111359 -422.916504 105.642304 -14.281790 52.940404 117.541668 0.292408 176.559243 -99.600120 2.278734 -5.660003 78.866623 2.973219 -3.825717 21.454550 0.003098 0.000001 174.929300 -0.734806 -178.672858 -29.606374 3.615339 4.375898 87.869762 -3.965277 -5.080174 21.454558 -0.003112 -0.000017 10.175384 -1.705693 2.773470 10.257131 -3.650530 5.387218 9.939883 -3.617842 5.409107 -3.054782 -6.719328 -10.571909 -32.725356 9.811028 -17.675083 -170.917711 -76.097835 -10.774292 34.558039 43.272134 50.954550 -79.646447 -8.745212 2.462989 -9.602957 -13.511066 25.522392 -171.131510 78.327660 10.522130 -36.626227 -61.891527 24.107598 -114.537812 -2.659179 -3.247657 -14.677853 14.907275 -27.937601 
262.469208 86.309822 -415.580200 107.595198 -13.590580 52.012625 114.450639 1.909101 175.796310 -89.881471 0.508792 -4.406849 79.352953 2.141797 -3.899351 21.454557 0.003082 0.000001 -178.110734 2.758893 -177.352774 -21.878602 4.730812 3.125139 74.773407 -2.962554 -2.105629 21.454562 -0.003112 -0.000014 9.929716 -2.283559 3.034598 9.731535 -4.814128 5.871144 9.414056 -4.778509 5.900028 -2.773437 -8.417558 -11.495978 -31.626368 10.912181 -19.403570 -172.010992 -76.680608 -9.659750 40.542070 38.043959 57.479812 -80.155856 -7.919536 2.427399 -10.058861 -13.882604 23.367762 -164.125908 79.283825 17.647815 -36.246178 -61.528612 23.098520 -122.521805 -3.562953 -3.515897 -14.921139 14.569801 -25.982461 
257.755707 87.680557 -408.261108 107.749813 -13.525083 51.873132 113.936988 2.549896 175.748130 -79.013643 -1.218963 -4.250155 81.016282 1.858316 -5.066216 21.454550 0.003091 0.000001 -174.364771 2.811995 -176.266514 -22.862499 2.870579 2.961343 68.717898 -1.556918 1.948041 21.454550 -0.003110 -0.000019 9.798416 -2.453801 3.232693 9.452205 -5.163283 6.260033 9.134794 -5.125335 6.291008 -2.102290 -8.036687 -11.947866 -31.885915 10.836392 -19.753189 -173.130993 -76.117527 -8.512746 44.223614 34.099771 61.001410 -81.084837 -6.983730 2.402309 -9.808605 -13.733019 17.813034 -156.168136 79.048552 25.741935 -33.130727 -60.531732 19.862583 -128.771797 -3.887545 -3.736843 -15.594179 15.429346 -23.457708 
253.169403 87.871567 -401.295685 106.641205 -13.051232 51.776102 116.326564 2.398695 174.628034 -68.052392 -2.167228 -5.243933 83.190796 2.431251 -6.166707 21.454551 0.003089 -0.000000 -174.834893 1.504003 -177.064103 -35.389160 0.346033 3.640356 72.650817 -2.415506 0.697047 21.454558 -0.003106 -0.000015 9.953060 -2.391491 3.334228 9.759879 -5.055564 6.460632 9.442671 -5.016406 6.490941 -2.045989 -6.938612 -11.669593 -31.614350 10.976601 -19.270701 -171.559189 -75.329849 -10.115859 46.111212 33.787016 61.969637 -81.047605 -6.857452 2.391922 -10.322401 -13.840354 15.105069 -153.604384 78.856836 28.352843 -26.241652 -60.168612 14.136513 -131.352502 -3.855420 -3.834577 -18.473128 18.984010 -22.654713 
248.679199 87.268227 -394.459686 105.320609 -11.713681 51.651393 121.722563 2.654292 171.693812 -57.924724 -1.458321 -6.328357 84.750715 3.067219 -7.058633 21.454553 0.003089 -0.000002 -177.870489 0.349296 -178.241518 -54.364621 -1.778626 5.253072 73.784935 -3.113107 1.976274 21.454563 -0.003112 -0.000013 10.346492 -2.341955 3.115478 10.559640 -4.958444 6.009243 10.242179 -4.921975 6.038986 -2.143284 -6.303788 -10.729646 -31.393896 11.531197 -18.425161 -170.004706 -74.021895 -11.704445 45.514998 37.165658 59.397196 -79.528810 -7.653760 2.381915 -10.351871 -15.375125 13.159812 -155.384290 78.295592 26.555128 -15.952047 -60.241633 5.171153 -127.671604 -3.710347 -3.707229 -20.428100 22.254751 -23.431292 
243.957596 86.067917 -387.233093 103.991987 -10.198737 52.166225 129.101941 3.537397 170.215404 -51.706298 -0.959354 -6.356506 86.439787 3.100488 -7.437416 21.454548 0.003096 -0.000000 177.492096 -0.294500 -178.156032 -75.053424 -2.337736 7.730077 74.242374 -4.793601 2.149573 21.454545 -0.003106 -0.000024 10.680946 -2.297132 2.493487 11.258577 -4.826028 4.755229 10.940462 -4.797116 4.784264 -1.502715 -6.033338 -9.367766 -31.390463 12.645132 -17.507042 -168.806500 -71.828195 -12.934098 38.956028 42.120889 52.140264 -76.652843 -8.999115 2.352721 -7.103304 -18.066118 4.480192 -156.990027 76.500291 24.955464 -3.713203 -60.177846 -6.355278 -117.185501 -2.852684 -3.345935 -14.509439 16.874338 -24.130427 
239.237793 84.330719 -379.987396 103.192602 -8.589539 52.471569 137.392151 5.032900 170.477355 -49.102117 -0.857191 -7.079591 88.398214 4.553634 -2.251472 21.454551 0.003093 -0.000002 170.379205 0.268599 -175.149437 -95.202995 -4.388238 10.613241 75.271212 -6.645726 2.510972 21.454555 -0.003108 -0.000017 10.822344 -2.418345 1.680637 11.574752 -4.992669 3.113295 11.255877 -4.973630 3.143422 -0.078577 -5.070084 -7.547215 -31.050525 13.828173 -15.927026 -170.120901 -69.118775 -11.577487 26.093571 45.458590 39.294748 -72.491660 -11.071451 2.321952 -6.021867 -18.812399 3.795331 -157.333899 74.251615 24.647014 5.538387 -58.410180 -18.150135 -100.712601 0.032550 -2.828872 -4.895906 10.085915 -24.936664 
234.573502 81.928482 -372.824493 102.518100 -6.900782 53.029981 142.395196 5.369207 169.891626 -55.711712 -1.628122 -6.507651 98.141274 4.315153 -1.136581 21.454550 0.003096 0.000000 160.483477 1.124098 -172.781738 -113.285798 -5.596792 13.141466 76.539974 -8.144988 3.257747 21.454560 -0.003108 -0.000015 11.041288 -2.562723 0.606013 12.060655 -5.174591 0.941978 11.741204 -5.168658 0.973295 -0.414956 -3.900207 -5.307247 -29.907001 14.812732 -13.691434 -173.184091 -66.825970 -8.397064 9.190293 44.312594 25.220098 -69.492722 -12.552318 2.301201 -4.915148 -18.204102 5.077856 -159.319599 73.507903 22.624841 8.989381 -55.592853 -32.841206 -80.238201 9.539548 -2.582530 -0.438754 7.836834 -25.667465 
230.027802 79.779037 -365.812988 102.955901 -4.565076 55.707580 149.216315 8.611603 171.906969 -58.060023 -2.054962 -6.272218 105.136405 4.128164 -1.992794 21.454550 0.003086 -0.000000 147.408391 3.982697 -171.573519 -126.507507 -5.875841 12.459143 79.213993 -8.267457 0.820965 21.454562 -0.003111 -0.000016 11.635606 -2.892138 -0.717836 13.318733 -5.682250 -1.766810 12.999092 -5.692662 -1.732359 -1.514634 -1.945089 -4.042006 -29.671452 14.546833 -11.844183 178.332606 -67.549908 0.382123 -7.150703 40.908964 12.202455 -70.825421 -13.375630 2.412778 -7.271824 -14.157781 12.363382 -161.941804 73.336417 19.937302 10.457622 -53.040493 -46.389713 -56.631564 17.138850 -2.151943 -1.092877 8.113822 -25.223595 
224.793701 78.187012 -358.614990 101.798902 -4.879821 59.588319 156.870744 8.836506 175.514196 -57.723049 -1.625718 -5.270120 111.103894 3.520294 -3.014879 21.454553 0.003092 0.000001 132.137714 4.575702 -170.827457 -130.892393 -5.590406 10.265006 81.060719 -7.017270 -0.401954 21.454568 -0.003106 -0.000017 11.902715 -2.260358 -1.534951 13.865550 -4.320214 -3.332574 13.547042 -4.340106 -3.306404 -2.485465 -0.217551 -4.291789 -29.217989 13.384470 -11.104630 164.041500 -71.253565 14.995518 -22.224336 38.722562 -0.543285 -75.662281 -12.341054 2.543341 -9.584677 -9.410971 19.301201 -157.805688 72.042049 24.204348 16.337973 -47.451377 -52.542627 -43.355360 15.620098 -1.618433 -0.895934 0.799031 -33.128750 
219.076294 77.751129 -351.144012 99.104870 -6.849396 62.428079 166.065873 4.250512 177.763733 -52.543604 -2.021860 -2.928804 114.358718 2.096014 -3.612702 21.454553 0.003091 0.000000 117.490209 3.771204 -170.060345 -126.035814 -5.347798 8.688106 80.114998 -5.834425 0.214839 21.454558 -0.003110 -0.000021 11.851449 -1.036840 -2.220365 13.727696 -1.802582 -4.548651 13.410510 -1.829842 -4.537707 -2.160818 1.393720 -3.200830 -29.365558 11.826324 -8.887611 152.549024 -75.206475 26.546676 -35.413848 37.464383 -13.627587 -81.675477 -10.553176 2.677340 -10.213449 -6.845820 22.225629 -153.463409 71.805027 28.672161 22.297144 -39.859959 -58.459835 -40.666130 15.347490 -1.526071 -1.364522 -4.637280 -37.725525 
212.961594 78.279266 -342.917694 96.786581 -10.219408 62.635956 176.507839 -0.925196 177.446976 -40.871046 -1.902928 -1.548749 111.732906 1.181924 -4.975958 21.454555 0.003093 0.000002 106.365368 1.837896 -169.382107 -113.573608 -4.671770 9.289824 79.539035 -6.291783 0.482816 21.454560 -0.003108 -0.000015 11.306741 0.222611 -2.875764 12.582055 0.756930 -5.710159 12.265639 0.722620 -5.714601 -1.161557 2.451301 -1.243784 -28.389794 9.568657 -5.435018 145.067098 -77.933401 33.978262 -41.307922 38.838990 -26.842147 -89.816393 -5.593960 2.688200 -10.605743 -7.174880 20.618033 -151.511627 73.637956 30.625865 25.977393 -33.173979 -64.479342 -41.505202 15.555911 -1.562444 -1.958029 -1.697419 -28.136975 
206.538300 78.855568 -334.046387 94.680069 -14.093344 61.352010 -174.466473 -3.825386 178.896110 -30.319790 -0.388815 -3.633323 98.007436 1.812410 -7.583818 21.454553 0.003100 -0.000001 101.085024 -0.303202 -168.018200 -96.251217 -2.996408 9.986770 81.387960 -6.890108 0.307030 21.454555 -0.003109 -0.000016 10.725337 1.421348 -3.361087 11.351233 3.165692 -6.568547 11.034894 3.126195 -6.587431 -1.027052 4.088614 0.783973 -26.390126 6.595494 -1.434783 148.160723 -79.231260 30.763063 -43.587395 40.093982 -33.917541 -97.649493 -1.823666 2.772748 -10.898810 -9.434995 17.728864 -153.412100 76.159977 28.615260 29.128889 -29.486251 -65.626452 -44.144844 16.045889 -1.669174 -2.180934 2.788176 -23.158310 
199.992706 79.230957 -325.063385 93.021760 -14.829261 60.103780 -167.050909 -5.430297 -179.985416 -26.867516 -0.827875 -6.317548 78.775714 2.404546 -8.197583 21.454555 0.003089 -0.000002 103.283873 -2.357191 -168.702216 -77.284342 -0.255385 8.228276 81.710202 -5.486361 1.380040 21.454557 -0.003108 -0.000017 10.999813 1.884443 -3.586338 11.868706 4.126960 -6.964267 11.552278 4.085074 -6.988910 -1.239756 6.965245 1.867757 -26.910727 4.917127 1.013620 147.795103 -79.659724 31.106659 -44.338105 40.255632 -35.464302 -103.491901 -0.793187 2.959707 -12.185970 -11.073868 19.596619 -155.805303 75.670163 26.182280 30.569727 -29.217230 -63.003106 -47.622609 16.580182 -1.809533 -2.738474 8.465979 -22.079336 
193.653900 79.180313 -315.969299 93.558073 -13.778501 58.622441 -165.879982 -3.892699 179.293039 -36.055647 0.649020 -6.331947 69.830973 1.368679 -9.464767 21.454558 0.003084 0.000004 109.000851 -3.549186 -171.009878 -60.833736 1.805658 6.189214 80.239444 -3.323868 4.638239 21.454557 -0.003098 -0.000014 11.298996 1.617403 -3.733144 12.475917 3.628180 -7.273055 12.159926 3.584444 -7.294672 -0.727957 8.884819 2.247957 -27.457670 3.642169 2.326496 143.293189 -79.514269 35.669058 -42.375580 41.914900 -33.083135 -106.049998 -0.502236 3.051809 -13.298214 -11.330430 22.763067 -154.936708 73.517520 27.118826 30.060885 -32.427033 -60.470759 -50.391715 16.995461 -1.926119 -3.104850 12.937229 -19.558095 
187.451706 78.300430 -306.911194 93.695019 -13.111614 57.623608 -170.359603 -2.751998 -179.649288 -55.308864 1.685771 -3.560817 73.322211 0.417966 -6.751750 21.454546 0.003095 0.000002 115.329110 -4.409696 -170.578032 -52.172458 1.800295 5.845331 79.070341 -2.759821 5.767671 21.454558 -0.003100 -0.000015 11.475456 1.594620 -3.619257 12.833968 3.581136 -7.042020 12.517819 3.538789 -7.063374 -0.171363 7.842019 2.048156 -27.997003 3.438361 1.962420 145.686214 -78.888405 33.289399 -39.828298 44.806625 -28.482519 -105.009104 -0.874944 3.032126 -12.761712 -9.395746 25.657575 -153.740605 71.861527 28.385932 29.925999 -37.882623 -56.703568 -54.074693 16.952297 -2.048299 -3.025997 13.561027 -16.737510 
180.961899 77.479630 -297.702515 92.316769 -12.562228 56.041094 -175.845365 -2.349499 -178.181672 -75.556427 0.905950 -4.374092 74.765730 1.122466 -6.434666 21.454551 0.003094 0.000007 120.716627 -5.972505 -166.598204 -56.459928 2.063291 6.343709 80.133658 -6.443446 -8.056310 21.454557 -0.003114 -0.000017 11.704456 1.786356 -2.995506 13.305144 3.905511 -5.768365 12.988016 3.870800 -5.791749 2.151320 5.006394 1.795092 -31.077549 4.689456 0.340713 150.278246 -77.698579 28.709648 -36.008747 48.521213 -22.838836 -101.322305 -1.680769 2.925742 -10.012040 -6.160913 30.457634 -156.317594 70.530152 25.765215 28.876322 -43.620498 -51.892953 -58.807089 16.154593 -2.165019 -1.849162 15.192665 -12.142189 
174.338699 76.424713 -288.595215 90.622328 -10.685257 53.438437 178.281762 -2.991902 176.856451 -93.850802 3.488860 -7.548806 74.828527 2.600117 -8.776493 21.454548 0.003098 0.000001 126.361942 -7.655312 -163.455197 -66.567160 -0.418990 4.876720 90.920384 -4.427801 -7.619564 21.454560 -0.003106 -0.000018 12.187894 1.765055 -2.029115 14.307522 3.767547 -3.825846 13.989451 3.744530 -3.848498 4.244263 2.702077 0.957090 -33.210364 4.974212 -1.228342 154.226737 -75.817203 24.804628 -32.086135 51.518618 -17.852112 -93.767945 -3.340486 2.706071 -7.757125 -3.485609 37.306647 -160.137296 69.218612 21.849403 22.197794 -49.142668 -45.031707 -62.398279 15.671606 -2.268284 0.232616 18.762128 -6.299247 
167.743103 76.259758 -279.512207 89.689939 -11.036973 49.762207 167.474449 -5.267104 173.429199 -108.663918 4.640545 -9.938961 78.147459 5.111083 -6.250454 21.454550 0.003095 0.000009 133.987835 -10.933001 -164.848665 -69.854284 -0.427591 4.340930 99.735706 -3.376759 -7.268558 21.454558 -0.003107 -0.000017 12.173325 1.823264 -0.955739 14.313852 3.750675 -1.678999 13.995163 3.740607 -1.701634 4.003474 2.542978 0.596712 -32.698612 4.043256 -1.111918 159.960531 -73.387924 19.080133 -25.383676 54.218482 -7.916871 -85.752588 -8.462775 2.709532 -6.542651 -6.915251 38.680307 -165.943489 68.337272 15.857582 8.446567 -52.751559 -33.690058 -65.895001 15.681013 -2.406738 0.762158 22.220724 -5.650190 
161.141602 77.081879 -270.380707 90.824762 -11.329750 47.160568 152.638609 -5.713905 173.616442 -117.053801 4.772181 -10.436357 79.885100 5.811636 -5.067565 21.454548 0.003084 0.000005 143.251593 -11.581098 -167.733354 -68.289495 -0.419632 3.421637 105.891804 -2.322163 -6.381834 21.454557 -0.003106 -0.000016 11.768320 1.498830 -0.306785 13.522725 3.023117 -0.436154 13.204149 3.020562 -0.454412 3.751826 3.308005 0.110508 -33.173071 3.520705 -1.243890 166.256599 -72.230698 12.683315 -12.102880 56.795919 3.163513 -83.978986 -8.861196 2.659477 -5.559864 -10.527071 32.100322 -169.626191 69.898988 12.049108 -2.589055 -56.742357 -20.578969 -75.318149 12.315220 -2.564001 -2.109550 20.789699 -11.442934 
154.183395 78.836227 -261.013702 92.204139 -10.939917 45.250939 138.373007 -5.907905 174.755717 -116.963506 4.537637 -9.443664 79.929968 5.283390 -4.600590 21.454560 0.003088 -0.000001 154.994737 -10.682698 -170.976792 -61.541787 -0.566582 2.224358 107.118697 -1.459478 -5.619221 21.454560 -0.003113 -0.000017 11.317028 0.984937 0.379543 12.630195 1.922396 0.864532 12.311966 1.927719 0.852916 4.146867 3.624672 -0.789679 -33.085976 3.949374 -2.386748 174.620685 -72.247958 4.098845 2.306736 56.426672 15.797036 -86.069475 -7.007761 2.621570 -5.296584 -13.015094 27.805640 -170.968596 71.748275 10.669333 -8.921940 -59.317707 -7.863134 -88.539196 4.460305 -2.593587 -4.296401 15.420230 -16.601700 
146.941101 81.272018 -251.193695 94.859737 -9.509338 44.295911 127.322157 -3.876908 175.727831 -108.653502 3.690640 -7.956150 79.869582 4.432966 -4.168483 21.454551 0.003095 -0.000000 166.614009 -7.179897 -175.276137 -52.231566 0.453868 1.863801 99.952135 -1.587098 -4.923648 21.454558 -0.003115 -0.000017 10.751427 0.127598 1.001114 11.491390 0.155010 2.009911 11.173518 0.167281 2.008944 4.641584 2.893698 -1.999406 -32.495079 4.946674 -4.292893 178.858107 -73.235331 -0.273209 14.546201 53.728286 28.449994 -87.726021 -5.508039 2.589720 -5.960744 -15.315733 24.740231 -168.428107 72.728858 13.281845 -10.183201 -60.611857 -3.068086 -101.357501 -0.205906 -2.841049 -6.761737 11.008913 -19.384528 
139.507797 83.926743 -240.974899 97.767874 -7.709316 44.163651 121.132599 -1.143710 176.571250 -93.979783 1.821464 -6.782203 79.517663 3.676636 -4.257046 21.454555 0.003084 0.000001 177.104456 -1.994710 -177.138347 -42.410482 2.068177 1.600662 84.755169 -2.095667 -4.541943 21.454557 -0.003099 -0.000017 10.260325 -0.789748 1.465746 10.487617 -1.709172 2.854056 10.169817 -1.691765 2.864325 4.524713 0.901135 -3.430962 -31.146732 6.913481 -7.026063 -178.489113 -74.106412 -3.008199 23.513456 49.714963 38.824103 -88.474903 -4.572119 2.557386 -6.684075 -16.768297 22.270993 -164.875808 72.853441 16.929951 -6.942231 -60.471906 -4.818704 -112.598995 -2.229110 -3.194463 -9.992606 9.733632 -20.527512 
131.840195 86.245644 -230.623795 99.494109 -6.439893 44.465979 119.806163 0.524904 177.961713 -75.094180 -0.788778 -7.830416 79.588677 3.996090 -6.380206 21.454550 0.003093 -0.000000 -173.771255 2.141910 -176.031337 -35.770824 2.477929 0.437595 73.816136 -0.091029 1.048382 21.454563 -0.003109 -0.000016 9.984192 -1.418893 1.787696 9.913870 -2.985718 3.448255 9.595939 -2.964714 3.466218 3.254114 -1.566601 -4.708168 -29.044799 8.732795 -9.459586 -177.826994 -74.519597 -3.692464 30.930894 45.422831 46.433105 -89.157649 -3.729063 2.528670 -8.133151 -18.889385 19.363108 -160.210502 72.707958 21.722693 -3.805635 -59.554475 -8.584465 -120.929811 -3.064042 -3.485756 -14.475331 12.288375 -19.705074 
123.903198 87.572678 -220.706207 99.448442 -6.511689 44.417820 121.517139 0.092599 176.686776 -54.815000 0.243591 -7.742794 79.909320 3.929846 -6.374316 21.454555 0.003087 -0.000002 -168.598193 1.341799 -177.755318 -37.265990 -0.249951 0.799277 71.348743 0.335155 2.934643 21.454560 -0.003105 -0.000016 9.764502 -1.569545 2.147610 9.459920 -3.309323 4.161296 9.142168 -3.284018 4.181178 2.199399 -2.682340 -5.426894 -27.477054 9.072506 -10.403591 -178.139994 -73.828184 -3.361941 36.683662 41.151005 50.507815 -90.198501 -2.887014 2.515916 -9.410078 -21.028510 15.927906 -155.723696 72.665501 26.330430 -1.365348 -58.188041 -13.352793 -125.200701 -3.231562 -3.644495 -21.604472 19.676650 -20.620799 
116.163002 87.893417 -211.219894 98.586479 -6.464840 44.096599 126.097709 -0.576597 176.782685 -35.205397 -0.181950 -6.164297 80.062480 2.640432 -7.210194 21.454555 0.003093 -0.000001 -167.696840 -0.584703 177.936619 -48.855623 -2.137682 0.193372 75.652015 -0.119433 0.051336 21.454560 -0.003107 -0.000020 9.675381 -1.601086 2.281383 9.276548 -3.379812 4.428839 8.958887 -3.352901 4.449140 1.439922 -2.879686 -5.382108 -25.757273 10.121784 -10.698378 -174.394797 -72.849295 -7.193727 40.152650 39.393840 51.344571 -90.531466 -2.578621 2.509133 -10.814905 -21.481001 15.183804 -155.807707 73.322798 26.229964 2.827942 -57.010773 -18.590740 -124.981793 -3.002934 -3.651525 -29.864193 25.794209 -25.382383 
108.578102 87.396683 -201.549805 97.675954 -5.033889 44.725711 132.121089 0.413403 177.420010 -22.817292 -1.550781 -5.007602 79.403818 1.498393 -8.528331 21.454551 0.003084 -0.000003 -168.082609 -1.698703 175.963582 -64.673381 -2.472752 2.329263 75.738356 -0.945013 2.401451 21.454565 -0.003108 -0.000015 9.808583 -1.712990 2.043519 9.547146 -3.588666 3.940475 9.229198 -3.564696 3.962066 2.100603 -3.105660 -5.051032 -25.305074 11.134822 -10.783023 -170.643602 -71.743706 -11.043854 39.409160 40.223711 49.162247 -89.390149 -3.162543 2.499379 -11.080139 -20.573344 14.936111 -157.052509 73.688657 24.946171 8.782946 -56.365446 -23.707303 -120.602604 -2.551018 -3.507577 -32.148604 25.964889 -30.723075 
100.902199 85.625526 -191.699402 96.531241 -3.486656 46.124363 135.696229 1.905808 173.865757 -24.183253 -1.012056 -3.821666 79.488457 0.670355 -8.467286 21.454545 0.003083 -0.000001 -170.129835 -2.296107 178.700234 -82.547706 -3.782082 5.494964 75.215969 -3.014749 2.819361 21.454557 -0.003102 -0.000018 9.895771 -1.721852 1.712621 9.732149 -3.581594 3.275803 9.413956 -3.561618 3.297367 3.938078 -3.223255 -4.674862 -25.156925 11.619343 -10.568491 -169.569213 -70.860460 -12.148785 34.950891 42.183498 44.614898 -87.885888 -4.223596 2.507050 -9.510067 -17.671583 14.640521 -155.976399 72.953230 26.064839 15.414478 -55.184763 -29.369527 -113.591305 -1.718940 -3.272159 -25.058721 21.015783 -29.728832 
